Jar Path,Oracle-Version,Oracle-Label,Oracle-Builder,Oracle-BuildTimestamp,Specification-Version,Implementation-Version
/iriwl/app01/adf_ows/Oracle/user_projects/domains/iri-int-ows-domain/servers/iri-adf-ows-server1/tmp/_WL_user/GenericTC/nzby0z/war/WEB-INF/lib/_wl_cls_gen.jar,,,,,,
/iriwl/app01/adf_ows/Oracle/user_projects/domains/iri-int-ows-domain/servers/iri-adf-ows-server1/tmp/_WL_user/GenericTC/nzby0z/war/WEB-INF/lib/bundleresolver.jar,12.1.3.0.41.140521.1008,JDEVADF_12.1.3.0.0_GENERIC_140521.1008.S,user=aime host=slc03tux,2014-05-21 11:02:37 -0700,,
/iriwl/app01/adf_ows/Oracle/user_projects/domains/iri-int-ows-domain/servers/iri-adf-ows-server1/tmp/_WL_user/GenericTC/nzby0z/war/WEB-INF/lib/adfm.jar,12.1.3.0.41.140521.1008,JDEVADF_12.1.3.0.0_GENERIC_140521.1008.S,user=aime host=slc03tux,2014-05-21 11:56:40 -0700,,
/iriwl/app01/adf_ows/Oracle/user_projects/domains/iri-int-ows-domain/servers/iri-adf-ows-server1/tmp/_WL_user/GenericTC/nzby0z/war/WEB-INF/lib/adf-richclient-api-11.jar,12.1.3.0.41.140521.1008,JDEVADF_12.1.3.0.0_GENERIC_140521.1008.S,user=aime host=slc03tux,2014-05-21 11:50:52 -0700,ASPEN,ASPEN (custom: 12.1.3.0.41.140521.1008),
/iriwl/app01/adf_ows/Oracle/user_projects/domains/iri-int-ows-domain/servers/iri-adf-ows-server1/tmp/_WL_user/GenericTC/nzby0z/war/WEB-INF/lib/wls-api.jar,,,,,12.1.3,12.1.3.0.0,
/iriwl/app01/adf_ows/Oracle/user_projects/domains/iri-int-ows-domain/servers/iri-adf-ows-server1/tmp/_WL_user/GenericTC/nzby0z/war/WEB-INF/lib/wljmsclient.jar,,,,,12.1.3,12.1.3.0.0,
/iriwl/app01/adf_ows/Oracle/user_projects/domains/iri-int-ows-domain/servers/iri-adf-ows-server1/tmp/_WL_user/GenericTC/nzby0z/war/WEB-INF/lib/wlclient.jar,,,,,12.1.3,12.1.3.0.0,
/iriwl/app01/adf_ows/Oracle/user_projects/domains/iri-int-ows-domain/servers/iri-adf-ows-server1/tmp/_WL_user/GenericTC/nzby0z/war/WEB-INF/lib/wlnmclient.jar,,,,,12.1.3,12.1.3.0.0,
/iriwl/app01/adf_ows/Oracle/user_projects/domains/iri-int-ows-domain/servers/iri-adf-ows-server1/tmp/_WL_user/GenericTC/nzby0z/war/WEB-INF/lib/wljmxclient.jar,,,,,12.1.3,12.1.3.0.0,
/iriwl/app01/adf_ows/Oracle/user_projects/domains/iri-int-ows-domain/servers/iri-adf-ows-server1/tmp/_WL_user/GenericTC/nzby0z/war/WEB-INF/lib/com.bea.core.apache.commons.collections_1.0.0.0_3-2.jar,,,,,3.2,1.0.0.0_3-2,
/iriwl/app01/adf_ows/Oracle/user_projects/domains/iri-int-ows-domain/servers/iri-adf-ows-server1/tmp/_WL_user/GenericTC/nzby0z/war/WEB-INF/lib/adf-faces-databinding-rt.jar,12.1.3.0.41.140521.1008,JDEVADF_12.1.3.0.0_GENERIC_140521.1008.S,user=aime host=slc03tux,2014-05-21 12:55:22 -0700,,
/iriwl/app01/adf_ows/Oracle/user_projects/domains/iri-int-ows-domain/servers/iri-adf-ows-server1/tmp/_WL_user/GenericTC/nzby0z/war/WEB-INF/lib/org.apache.commons.digester_1.8.jar,,,,,,1.8,
/iriwl/app01/adf_ows/Oracle/user_projects/domains/iri-int-ows-domain/servers/iri-adf-ows-server1/tmp/_WL_user/GenericTC/nzby0z/war/WEB-INF/lib/fndext.jar,,,,,,
/iriwl/app01/adf_ows/Oracle/user_projects/domains/iri-int-ows-domain/servers/iri-adf-ows-server1/tmp/_WL_user/GenericTC/nzby0z/war/WEB-INF/lib/org.apache.commons.beanutils_1.6.jar,,,,,1.6,1.6,
/iriwl/app01/adf_ows/Oracle/user_projects/domains/iri-int-ows-domain/servers/iri-adf-ows-server1/tmp/_WL_user/GenericTC/nzby0z/war/WEB-INF/lib/iText-2.0.8.jar,,,,,,
/iriwl/app01/adf_ows/Oracle/user_projects/domains/iri-int-ows-domain/servers/iri-adf-ows-server1/tmp/_WL_user/GenericTC/nzby0z/war/WEB-INF/lib/wlsafclient.jar,,,,,12.1.3,12.1.3.0.0,
/iriwl/app01/adf_ows/Oracle/user_projects/domains/iri-int-ows-domain/servers/iri-adf-ows-server1/tmp/_WL_user/GenericTC/nzby0z/war/WEB-INF/lib/org.apache.commons.logging_1.0.4.jar,,,,,1.0,1.0.4,
/iriwl/app01/adf_ows/Oracle/user_projects/domains/iri-int-ows-domain/servers/iri-adf-ows-server1/tmp/_WL_user/adf.oracle.domain.webapp/9exuat/WEB-INF/lib/velocity-dep-1.4.jar,,,,,,
/iriwl/app01/adf_ows/Oracle/user_projects/domains/iri-int-ows-domain/servers/iri-adf-ows-server1/tmp/_WL_user/adf.oracle.domain.webapp/9exuat/WEB-INF/lib/bundleresolver.jar,12.1.3.0.41.140521.1008,JDEVADF_12.1.3.0.0_GENERIC_140521.1008.S,user=aime host=slc03tux,2014-05-21 11:02:37 -0700,,
/iriwl/app01/adf_ows/Oracle/user_projects/domains/iri-int-ows-domain/servers/iri-adf-ows-server1/tmp/_WL_user/adf.oracle.domain.webapp/9exuat/WEB-INF/lib/adf-dynamic-faces.jar,12.1.3.0.41.140521.1008,JDEVADF_12.1.3.0.0_GENERIC_140521.1008.S,user=aime host=slc03tux,2014-05-21 12:55:33 -0700,,
/iriwl/app01/adf_ows/Oracle/user_projects/domains/iri-int-ows-domain/servers/iri-adf-ows-server1/tmp/_WL_user/adf.oracle.domain.webapp/9exuat/WEB-INF/lib/adf-faces-templating-dtrt.jar,12.1.3.0.41.140521.1008,JDEVADF_12.1.3.0.0_GENERIC_140521.1008.S,user=aime host=slc03tux,2014-05-21 01:17:54 -0700,,
/iriwl/app01/adf_ows/Oracle/user_projects/domains/iri-int-ows-domain/servers/iri-adf-ows-server1/tmp/_WL_user/adf.oracle.domain.webapp/9exuat/WEB-INF/lib/batik-svg-dom.jar,,,,,,1.7+r608262,
/iriwl/app01/adf_ows/Oracle/user_projects/domains/iri-int-ows-domain/servers/iri-adf-ows-server1/tmp/_WL_user/adf.oracle.domain.webapp/9exuat/WEB-INF/lib/adf-richclient-api-11.jar,12.1.3.0.41.140521.1008,JDEVADF_12.1.3.0.0_GENERIC_140521.1008.S,user=aime host=slc03tux,2014-05-21 11:50:52 -0700,ASPEN,ASPEN (custom: 12.1.3.0.41.140521.1008),
/iriwl/app01/adf_ows/Oracle/user_projects/domains/iri-int-ows-domain/servers/iri-adf-ows-server1/tmp/_WL_user/adf.oracle.domain.webapp/9exuat/WEB-INF/lib/adf-dt-at-rt.jar,12.1.3.0.41.140521.1008,JDEVADF_12.1.3.0.0_GENERIC_140521.1008.S,Official Builder,2014-05-21 04:13:15 -0700,,
/iriwl/app01/adf_ows/Oracle/user_projects/domains/iri-int-ows-domain/servers/iri-adf-ows-server1/tmp/_WL_user/adf.oracle.domain.webapp/9exuat/WEB-INF/lib/adf-controller.jar,12.1.3.0.41.140521.1008,JDEVADF_12.1.3.0.0_GENERIC_140521.1008.S,Official Builder,2014-05-21 04:03:37 -0700,,
/iriwl/app01/adf_ows/Oracle/user_projects/domains/iri-int-ows-domain/servers/iri-adf-ows-server1/tmp/_WL_user/adf.oracle.domain.webapp/9exuat/WEB-INF/lib/adf-richclient-skin-editor.jar,,,,,,
/iriwl/app01/adf_ows/Oracle/user_projects/domains/iri-int-ows-domain/servers/iri-adf-ows-server1/tmp/_WL_user/adf.oracle.domain.webapp/9exuat/WEB-INF/lib/dvt-databinding-dt-core.jar,12.1.3.0.41.140521.1008,JDEVADF_12.1.3.0.0_GENERIC_140521.1008.S,user=aime host=slc03tux,2014-05-21 01:12:45 -0700,,
/iriwl/app01/adf_ows/Oracle/user_projects/domains/iri-int-ows-domain/servers/iri-adf-ows-server1/tmp/_WL_user/adf.oracle.domain.webapp/9exuat/WEB-INF/lib/prefuse.jar,,,,,,
/iriwl/app01/adf_ows/Oracle/user_projects/domains/iri-int-ows-domain/servers/iri-adf-ows-server1/tmp/_WL_user/adf.oracle.domain.webapp/9exuat/WEB-INF/lib/adf-richclient-skin-repository.jar,12.1.3.0.41.140521.1008,JDEVADF_12.1.3.0.0_GENERIC_140521.1008.S,user=aime host=slc03tux,2014-05-21 01:15:13 -0700,,
/iriwl/app01/adf_ows/Oracle/user_projects/domains/iri-int-ows-domain/servers/iri-adf-ows-server1/tmp/_WL_user/adf.oracle.domain.webapp/9exuat/WEB-INF/lib/org.apache.http.components.httpclient-4.1.2.jar,,,,,4.1.2,4.1.2,
/iriwl/app01/adf_ows/Oracle/user_projects/domains/iri-int-ows-domain/servers/iri-adf-ows-server1/tmp/_WL_user/adf.oracle.domain.webapp/9exuat/WEB-INF/lib/facesconfigmodel.jar,12.1.3.0.41.140521.1008,JDEVADF_12.1.3.0.0_GENERIC_140521.1008.S,user=aime host=slc03tux,2014-05-21 11:25:17 -0700,,
/iriwl/app01/adf_ows/Oracle/user_projects/domains/iri-int-ows-domain/servers/iri-adf-ows-server1/tmp/_WL_user/adf.oracle.domain.webapp/9exuat/WEB-INF/lib/adf-richclient-security.jar,12.1.3.0.41.140521.1008,JDEVADF_12.1.3.0.0_GENERIC_140521.1008.S,user=aime host=slc03tux,2014-05-21 11:50:59 -0700,,
/iriwl/app01/adf_ows/Oracle/user_projects/domains/iri-int-ows-domain/servers/iri-adf-ows-server1/tmp/_WL_user/adf.oracle.domain.webapp/9exuat/WEB-INF/lib/batik-awt-util.jar,,,,,,1.7+r608262,
/iriwl/app01/adf_ows/Oracle/user_projects/domains/iri-int-ows-domain/servers/iri-adf-ows-server1/tmp/_WL_user/adf.oracle.domain.webapp/9exuat/WEB-INF/lib/adf-view-unified-databinding-dt-core.jar,12.1.3.0.41.140521.1008,JDEVADF_12.1.3.0.0_GENERIC_140521.1008.S,user=aime host=slc03tux,2014-05-21 01:12:12 -0700,,
/iriwl/app01/adf_ows/Oracle/user_projects/domains/iri-int-ows-domain/servers/iri-adf-ows-server1/tmp/_WL_user/adf.oracle.domain.webapp/9exuat/WEB-INF/lib/adf-faces-databinding-dt-core.jar,12.1.3.0.41.140521.1008,JDEVADF_12.1.3.0.0_GENERIC_140521.1008.S,user=aime host=slc03tux,2014-05-21 01:12:23 -0700,,
/iriwl/app01/adf_ows/Oracle/user_projects/domains/iri-int-ows-domain/servers/iri-adf-ows-server1/tmp/_WL_user/adf.oracle.domain.webapp/9exuat/WEB-INF/lib/dvt-shared-js.jar,12.1.3.0.41.140521.1008,JDEVADF_12.1.3.0.0_GENERIC_140521.1008.S,user=aime host=slc03tux,2014-05-21 12:04:51 -0700,,
/iriwl/app01/adf_ows/Oracle/user_projects/domains/iri-int-ows-domain/servers/iri-adf-ows-server1/tmp/_WL_user/adf.oracle.domain.webapp/9exuat/WEB-INF/lib/adf-customizationset-mig.jar,,,,,,
/iriwl/app01/adf_ows/Oracle/user_projects/domains/iri-int-ows-domain/servers/iri-adf-ows-server1/tmp/_WL_user/adf.oracle.domain.webapp/9exuat/WEB-INF/lib/trinidad-impl.jar,12.1.3.0.41.140521.1008,JDEVADF_12.1.3.0.0_GENERIC_140521.1008.S,user=aime host=slc03tux,2014-05-21 11:49:03 -0700,2.1.1,2.1.1 (custom: 12.1.3.0.41.140521.1008),
/iriwl/app01/adf_ows/Oracle/user_projects/domains/iri-int-ows-domain/servers/iri-adf-ows-server1/tmp/_WL_user/adf.oracle.domain.webapp/9exuat/WEB-INF/lib/adf-pageflow-dtrt.jar,12.1.3.0.41.140521.1008,JDEVADF_12.1.3.0.0_GENERIC_140521.1008.S,user=aime host=slc03tux,2014-05-21 12:53:16 -0700,,
/iriwl/app01/adf_ows/Oracle/user_projects/domains/iri-int-ows-domain/servers/iri-adf-ows-server1/tmp/_WL_user/adf.oracle.domain.webapp/9exuat/WEB-INF/lib/batik-svggen.jar,,,,,,1.7+r608262,
/iriwl/app01/adf_ows/Oracle/user_projects/domains/iri-int-ows-domain/servers/iri-adf-ows-server1/tmp/_WL_user/adf.oracle.domain.webapp/9exuat/WEB-INF/lib/adf-customizationset-ui.jar,,,,,,
/iriwl/app01/adf_ows/Oracle/user_projects/domains/iri-int-ows-domain/servers/iri-adf-ows-server1/tmp/_WL_user/adf.oracle.domain.webapp/9exuat/WEB-INF/lib/jewt4.jar,12.1.3.0.41.140521.1008,JDEVADF_12.1.3.0.0_GENERIC_140521.1008.S,Official Builder,2014-05-21 03:53:46 -0700,,
/iriwl/app01/adf_ows/Oracle/user_projects/domains/iri-int-ows-domain/servers/iri-adf-ows-server1/tmp/_WL_user/adf.oracle.domain.webapp/9exuat/WEB-INF/lib/taglib.jar,12.1.3.0.41.140521.1008,JDEVADF_12.1.3.0.0_GENERIC_140521.1008.S,user=aime host=slc03tux,2014-05-21 11:25:25 -0700,,
/iriwl/app01/adf_ows/Oracle/user_projects/domains/iri-int-ows-domain/servers/iri-adf-ows-server1/tmp/_WL_user/adf.oracle.domain.webapp/9exuat/WEB-INF/lib/adf-pageflow-rc.jar,12.1.3.0.41.140521.1008,JDEVADF_12.1.3.0.0_GENERIC_140521.1008.S,user=aime host=slc03tux,2014-05-21 11:55:41 -0700,,
/iriwl/app01/adf_ows/Oracle/user_projects/domains/iri-int-ows-domain/servers/iri-adf-ows-server1/tmp/_WL_user/adf.oracle.domain.webapp/9exuat/WEB-INF/lib/batik-xml.jar,,,,,,1.7+r608262,
/iriwl/app01/adf_ows/Oracle/user_projects/domains/iri-int-ows-domain/servers/iri-adf-ows-server1/tmp/_WL_user/adf.oracle.domain.webapp/9exuat/WEB-INF/lib/batik-script.jar,,,,,,1.7+r608262,
/iriwl/app01/adf_ows/Oracle/user_projects/domains/iri-int-ows-domain/servers/iri-adf-ows-server1/tmp/_WL_user/adf.oracle.domain.webapp/9exuat/WEB-INF/lib/adf-view-databinding-dt-core.jar,12.1.3.0.41.140521.1008,JDEVADF_12.1.3.0.0_GENERIC_140521.1008.S,user=aime host=slc03tux,2014-05-21 12:50:09 -0700,,
/iriwl/app01/adf_ows/Oracle/user_projects/domains/iri-int-ows-domain/servers/iri-adf-ows-server1/tmp/_WL_user/adf.oracle.domain.webapp/9exuat/WEB-INF/lib/dvt-trinidad.jar,12.1.3.0.41.140521.1008,JDEVADF_12.1.3.0.0_GENERIC_140521.1008.S,user=aime host=slc03tux,2014-05-21 11:58:33 -0700,,
/iriwl/app01/adf_ows/Oracle/user_projects/domains/iri-int-ows-domain/servers/iri-adf-ows-server1/tmp/_WL_user/adf.oracle.domain.webapp/9exuat/WEB-INF/lib/adf-faces-databinding-rt.jar,12.1.3.0.41.140521.1008,JDEVADF_12.1.3.0.0_GENERIC_140521.1008.S,user=aime host=slc03tux,2014-05-21 12:55:22 -0700,,
/iriwl/app01/adf_ows/Oracle/user_projects/domains/iri-int-ows-domain/servers/iri-adf-ows-server1/tmp/_WL_user/adf.oracle.domain.webapp/9exuat/WEB-INF/lib/dvt-facesbindings.jar,12.1.3.0.41.140521.1008,JDEVADF_12.1.3.0.0_GENERIC_140521.1008.S,user=aime host=slc03tux,2014-05-21 12:55:45 -0700,,
/iriwl/app01/adf_ows/Oracle/user_projects/domains/iri-int-ows-domain/servers/iri-adf-ows-server1/tmp/_WL_user/adf.oracle.domain.webapp/9exuat/WEB-INF/lib/adf.constants.jar,12.1.3.0.41.140521.1008,JDEVADF_12.1.3.0.0_GENERIC_140521.1008.S,user=aime host=slc03tux,2014-05-21 10:42:31 -0700,,
/iriwl/app01/adf_ows/Oracle/user_projects/domains/iri-int-ows-domain/servers/iri-adf-ows-server1/tmp/_WL_user/adf.oracle.domain.webapp/9exuat/WEB-INF/lib/batik-dom.jar,,,,,,1.7+r608262,
/iriwl/app01/adf_ows/Oracle/user_projects/domains/iri-int-ows-domain/servers/iri-adf-ows-server1/tmp/_WL_user/adf.oracle.domain.webapp/9exuat/WEB-INF/lib/adf-controller-rt-common.jar,12.1.3.0.41.140521.1008,JDEVADF_12.1.3.0.0_GENERIC_140521.1008.S,user=aime host=slc03tux,2014-05-21 12:52:20 -0700,,
/iriwl/app01/adf_ows/Oracle/user_projects/domains/iri-int-ows-domain/servers/iri-adf-ows-server1/tmp/_WL_user/adf.oracle.domain.webapp/9exuat/WEB-INF/lib/batik-gvt.jar,,,,,,1.7+r608262,
/iriwl/app01/adf_ows/Oracle/user_projects/domains/iri-int-ows-domain/servers/iri-adf-ows-server1/tmp/_WL_user/adf.oracle.domain.webapp/9exuat/WEB-INF/lib/adf-faces-changemanager-rt.jar,12.1.3.0.41.140521.1008,JDEVADF_12.1.3.0.0_GENERIC_140521.1008.S,user=aime host=slc03tux,2014-05-21 12:56:48 -0700,,
/iriwl/app01/adf_ows/Oracle/user_projects/domains/iri-int-ows-domain/servers/iri-adf-ows-server1/tmp/_WL_user/adf.oracle.domain.webapp/9exuat/WEB-INF/lib/batik-ext.jar,,,,,,1.7+r608262,
/iriwl/app01/adf_ows/Oracle/user_projects/domains/iri-int-ows-domain/servers/iri-adf-ows-server1/tmp/_WL_user/adf.oracle.domain.webapp/9exuat/WEB-INF/lib/adf-aboutpage-ui.jar,,,,,,
/iriwl/app01/adf_ows/Oracle/user_projects/domains/iri-int-ows-domain/servers/iri-adf-ows-server1/tmp/_WL_user/adf.oracle.domain.webapp/9exuat/WEB-INF/lib/dvt-as.jar,12.1.3.0.41.140521.1008,JDEVADF_12.1.3.0.0_GENERIC_140521.1008.S,user=aime host=slc03tux,2014-05-21 12:22:49 -0700,,
/iriwl/app01/adf_ows/Oracle/user_projects/domains/iri-int-ows-domain/servers/iri-adf-ows-server1/tmp/_WL_user/adf.oracle.domain.webapp/9exuat/WEB-INF/lib/adf-richclient-automation-11.jar,12.1.3.0.41.140521.1008,JDEVADF_12.1.3.0.0_GENERIC_140521.1008.S,user=aime host=slc03tux,2014-05-21 12:43:56 -0700,,
/iriwl/app01/adf_ows/Oracle/user_projects/domains/iri-int-ows-domain/servers/iri-adf-ows-server1/tmp/_WL_user/adf.oracle.domain.webapp/9exuat/WEB-INF/lib/org.apache.http.components.httpcore-4.1.2.jar,,,,,4.1.2,4.1.2,
/iriwl/app01/adf_ows/Oracle/user_projects/domains/iri-int-ows-domain/servers/iri-adf-ows-server1/tmp/_WL_user/adf.oracle.domain.webapp/9exuat/WEB-INF/lib/inspect4.jar,12.1.3.0.41.140521.1008,JDEVADF_12.1.3.0.0_GENERIC_140521.1008.S,user=aime host=slc03tux,2014-05-21 10:53:29 -0700,,
/iriwl/app01/adf_ows/Oracle/user_projects/domains/iri-int-ows-domain/servers/iri-adf-ows-server1/tmp/_WL_user/adf.oracle.domain.webapp/9exuat/WEB-INF/lib/xml-apis-ext.jar,,,,,1.1,1.1,
/iriwl/app01/adf_ows/Oracle/user_projects/domains/iri-int-ows-domain/servers/iri-adf-ows-server1/tmp/_WL_user/adf.oracle.domain.webapp/9exuat/WEB-INF/lib/trinidad-api.jar,12.1.3.0.41.140521.1008,JDEVADF_12.1.3.0.0_GENERIC_140521.1008.S,user=aime host=slc03tux,2014-05-21 11:48:22 -0700,2.1.1,2.1.1 (custom: 12.1.3.0.41.140521.1008),
/iriwl/app01/adf_ows/Oracle/user_projects/domains/iri-int-ows-domain/servers/iri-adf-ows-server1/tmp/_WL_user/adf.oracle.domain.webapp/9exuat/WEB-INF/lib/adf-dt-at-rt-wizards.jar,,,,,,
/iriwl/app01/adf_ows/Oracle/user_projects/domains/iri-int-ows-domain/servers/iri-adf-ows-server1/tmp/_WL_user/adf.oracle.domain.webapp/9exuat/WEB-INF/lib/adf-richclient-impl-11.jar,12.1.3.0.41.140521.1008,JDEVADF_12.1.3.0.0_GENERIC_140521.1008.S,user=aime host=slc03tux,2014-05-21 12:03:19 -0700,ASPEN,ASPEN (custom: 12.1.3.0.41.140521.1008),
/iriwl/app01/adf_ows/Oracle/user_projects/domains/iri-int-ows-domain/servers/iri-adf-ows-server1/tmp/_WL_user/adf.oracle.domain.webapp/9exuat/WEB-INF/lib/batik-swing.jar,,,,,,1.7+r608262,
/iriwl/app01/adf_ows/Oracle/user_projects/domains/iri-int-ows-domain/servers/iri-adf-ows-server1/tmp/_WL_user/adf.oracle.domain.webapp/9exuat/WEB-INF/lib/adf-pageflow-fwk.jar,12.1.3.0.41.140521.1008,JDEVADF_12.1.3.0.0_GENERIC_140521.1008.S,user=aime host=slc03tux,2014-05-21 12:53:11 -0700,,
/iriwl/app01/adf_ows/Oracle/user_projects/domains/iri-int-ows-domain/servers/iri-adf-ows-server1/tmp/_WL_user/adf.oracle.domain.webapp/9exuat/WEB-INF/lib/adf-richclient-bootstrap.jar,,,,,,
/iriwl/app01/adf_ows/Oracle/user_projects/domains/iri-int-ows-domain/servers/iri-adf-ows-server1/tmp/_WL_user/adf.oracle.domain.webapp/9exuat/WEB-INF/lib/batik-parser.jar,,,,,,1.7+r608262,
/iriwl/app01/adf_ows/Oracle/user_projects/domains/iri-int-ows-domain/servers/iri-adf-ows-server1/tmp/_WL_user/adf.oracle.domain.webapp/9exuat/WEB-INF/lib/batik-extension.jar,,,,,,1.7+r608262,
/iriwl/app01/adf_ows/Oracle/user_projects/domains/iri-int-ows-domain/servers/iri-adf-ows-server1/tmp/_WL_user/adf.oracle.domain.webapp/9exuat/WEB-INF/lib/batik-codec.jar,,,,,,1.7+r608262,
/iriwl/app01/adf_ows/Oracle/user_projects/domains/iri-int-ows-domain/servers/iri-adf-ows-server1/tmp/_WL_user/adf.oracle.domain.webapp/9exuat/WEB-INF/lib/mobile-repository.jar,12.1.3.0.41.140521.1008,JDEVADF_12.1.3.0.0_GENERIC_140521.1008.S,user=aime host=slc03tux,2014-05-21 01:00:59 -0700,,
/iriwl/app01/adf_ows/Oracle/user_projects/domains/iri-int-ows-domain/servers/iri-adf-ows-server1/tmp/_WL_user/adf.oracle.domain.webapp/9exuat/WEB-INF/lib/org.apache.http.components.httpclient-cache-4.1.2.jar,,,,,4.1.2,4.1.2,
/iriwl/app01/adf_ows/Oracle/user_projects/domains/iri-int-ows-domain/servers/iri-adf-ows-server1/tmp/_WL_user/adf.oracle.domain.webapp/9exuat/WEB-INF/lib/batik-anim.jar,,,,,,1.7+r608262,
/iriwl/app01/adf_ows/Oracle/user_projects/domains/iri-int-ows-domain/servers/iri-adf-ows-server1/tmp/_WL_user/adf.oracle.domain.webapp/9exuat/WEB-INF/lib/batik-transcoder.jar,,,,,,1.7+r608262,
/iriwl/app01/adf_ows/Oracle/user_projects/domains/iri-int-ows-domain/servers/iri-adf-ows-server1/tmp/_WL_user/adf.oracle.domain.webapp/9exuat/WEB-INF/lib/org.apache.http.components.httpmime-4.1.2.jar,,,,,4.1.2,4.1.2,
/iriwl/app01/adf_ows/Oracle/user_projects/domains/iri-int-ows-domain/servers/iri-adf-ows-server1/tmp/_WL_user/adf.oracle.domain.webapp/9exuat/WEB-INF/lib/adf-pageflow-impl.jar,12.1.3.0.41.140521.1008,JDEVADF_12.1.3.0.0_GENERIC_140521.1008.S,user=aime host=slc03tux,2014-05-21 12:53:31 -0700,,
/iriwl/app01/adf_ows/Oracle/user_projects/domains/iri-int-ows-domain/servers/iri-adf-ows-server1/tmp/_WL_user/adf.oracle.domain.webapp/9exuat/WEB-INF/lib/adf-richclient-jmx.jar,12.1.3.0.41.140521.1008,JDEVADF_12.1.3.0.0_GENERIC_140521.1008.S,user=aime host=slc03tux,2014-05-21 11:49:39 -0700,,
/iriwl/app01/adf_ows/Oracle/user_projects/domains/iri-int-ows-domain/servers/iri-adf-ows-server1/tmp/_WL_user/adf.oracle.domain.webapp/9exuat/WEB-INF/lib/dvt-databindings.jar,12.1.3.0.41.140521.1008,JDEVADF_12.1.3.0.0_GENERIC_140521.1008.S,user=aime host=slc03tux,2014-05-21 12:49:56 -0700,,
/iriwl/app01/adf_ows/Oracle/user_projects/domains/iri-int-ows-domain/servers/iri-adf-ows-server1/tmp/_WL_user/adf.oracle.domain.webapp/9exuat/WEB-INF/lib/share.jar,,,,,,JEWT_MAIN_GENERIC_121129.2125.1003,
/iriwl/app01/adf_ows/Oracle/user_projects/domains/iri-int-ows-domain/servers/iri-adf-ows-server1/tmp/_WL_user/adf.oracle.domain.webapp/9exuat/WEB-INF/lib/batik-bridge.jar,,,,,,1.7+r608262,
/iriwl/app01/adf_ows/Oracle/user_projects/domains/iri-int-ows-domain/servers/iri-adf-ows-server1/tmp/_WL_user/adf.oracle.domain.webapp/9exuat/WEB-INF/lib/adf-controller-api.jar,12.1.3.0.41.140521.1008,JDEVADF_12.1.3.0.0_GENERIC_140521.1008.S,Official Builder,2014-05-21 04:03:21 -0700,,
/iriwl/app01/adf_ows/Oracle/user_projects/domains/iri-int-ows-domain/servers/iri-adf-ows-server1/tmp/_WL_user/adf.oracle.domain.webapp/9exuat/WEB-INF/lib/dvt-basemaps.jar,12.1.3.0.41.140521.1008,JDEVADF_12.1.3.0.0_GENERIC_140521.1008.S,user=aime host=slc03tux,2014-05-21 12:00:07 -0700,,
/iriwl/app01/adf_ows/Oracle/user_projects/domains/iri-int-ows-domain/servers/iri-adf-ows-server1/tmp/_WL_user/adf.oracle.domain.webapp/9exuat/WEB-INF/lib/adf-faces-templating-dt-core.jar,12.1.3.0.41.140521.1008,JDEVADF_12.1.3.0.0_GENERIC_140521.1008.S,user=aime host=slc03tux,2014-05-21 11:02:51 -0700,,
/iriwl/app01/adf_ows/Oracle/user_projects/domains/iri-int-ows-domain/servers/iri-adf-ows-server1/tmp/_WL_user/adf.oracle.domain.webapp/9exuat/WEB-INF/lib/batik-util.jar,,,,,,1.7+r608262,
/iriwl/app01/adf_ows/Oracle/user_projects/domains/iri-int-ows-domain/servers/iri-adf-ows-server1/tmp/_WL_user/adf.oracle.domain.webapp/9exuat/WEB-INF/lib/batik-gui-util.jar,,,,,,1.7+r608262,
/iriwl/app01/adf_ows/Oracle/user_projects/domains/iri-int-ows-domain/servers/iri-adf-ows-server1/tmp/_WL_user/adf.oracle.domain.webapp/9exuat/WEB-INF/lib/adf-share-web.jar,12.1.3.0.41.140521.1008,JDEVADF_12.1.3.0.0_GENERIC_140521.1008.S,user=aime host=slc03tux,2014-05-21 11:25:30 -0700,,
/iriwl/app01/adf_ows/Oracle/user_projects/domains/iri-int-ows-domain/servers/iri-adf-ows-server1/tmp/_WL_user/adf.oracle.domain.webapp/9exuat/WEB-INF/lib/dvt-jclient-adf.jar,12.1.3.0.41.140521.1008,JDEVADF_12.1.3.0.0_GENERIC_140521.1008.S,user=aime host=slc03tux,2014-05-21 11:59:05 -0700,,
/iriwl/app01/adf_ows/Oracle/user_projects/domains/iri-int-ows-domain/servers/iri-adf-ows-server1/tmp/_WL_user/adf.oracle.domain.webapp/9exuat/WEB-INF/lib/dvt-faces.jar,12.1.3.0.41.140521.1008,JDEVADF_12.1.3.0.0_GENERIC_140521.1008.S,Official Builder,2014-05-21 04:00:13 -0700,,
/iriwl/app01/adf_ows/Oracle/user_projects/domains/iri-int-ows-domain/servers/iri-adf-ows-server1/tmp/_WL_user/adf.oracle.domain.webapp/9exuat/WEB-INF/lib/dvt-jclient.jar,12.1.3.0.41.140521.1008,JDEVADF_12.1.3.0.0_GENERIC_140521.1008.S,user=aime host=slc03tux,2014-05-21 11:57:42 -0700,,
/iriwl/app01/adf_ows/Oracle/user_projects/domains/iri-int-ows-domain/servers/iri-adf-ows-server1/tmp/_WL_user/adf.oracle.domain.webapp/9exuat/WEB-INF/lib/batik-css.jar,,,,,,1.7+r608262,
/iriwl/app01/adf_ows/Oracle/user_projects/domains/iri-int-ows-domain/servers/iri-adf-ows-server1/tmp/_WL_user/adf.oracle.domain.webapp/9exuat/WEB-INF/lib/dvt-utils.jar,12.1.3.0.41.140521.1008,JDEVADF_12.1.3.0.0_GENERIC_140521.1008.S,user=aime host=slc03tux,2014-05-21 11:57:22 -0700,,
/iriwl/app01/adf_ows/Oracle/user_projects/domains/iri-int-ows-domain/servers/iri-adf-ows-server1/tmp/_WL_user/jstl/lqrgrd/WEB-INF/lib/glassfish.jstl_1.0.0.0_1-2-2-0.jar,,,,,,
/iriwl/app01/adf_ows/Oracle/user_projects/domains/iri-int-ows-domain/servers/iri-adf-ows-server1/tmp/_WL_user/jsf/bzif78/WEB-INF/lib/jsf-api.jar,,,,,2.1,2.1.7-03-,
/iriwl/app01/adf_ows/Oracle/user_projects/domains/iri-int-ows-domain/servers/iri-adf-ows-server1/tmp/_WL_user/jsf/bzif78/WEB-INF/lib/jsf-impl.jar,,,,,2.1,2.1.7-03-,
file:/iriwl/app01/adf_ows/Oracle/oracle_common/modules/endorsed/javax-xml-bind.jar,,,,,2.2.3,
file:/iriwl/app01/adf_ows/Oracle/oracle_common/modules/endorsed/jsr250-api.jar,,,,,,
file:/iriwl/app01/adf_ows/Oracle/oracle_common/modules/endorsed/javax-xml-ws.jar,,,,,2.2,
file:/iriwl/app01/adf_ows/Oracle/oracle_common/modules/features/com.oracle.db.jdbc7-dms.jar,,,,,12.1.3,12.1.0.2.0,
file:/iriwl/app01/adf_ows/Oracle/oracle_common/modules/oracle.jdbc_12.1.0/ojdbc7dms.jar,,,,,4.0,12.1.0.2.0,
file:/iriwl/app01/adf_ows/Oracle/oracle_common/modules/oracle.ucp_12.1.0.jar,,,,,,12.1.0.2.0,
file:/iriwl/app01/adf_ows/Oracle/oracle_common/modules/oracle.osdt_12.1.3/osdt_cert.jar,,,,,3.1.0,3.1.0,
file:/iriwl/app01/adf_ows/Oracle/oracle_common/modules/oracle.osdt_12.1.3/osdt_core.jar,,,,,3.1.0,3.1.0,
file:/iriwl/app01/adf_ows/Oracle/oracle_common/modules/oracle.pki_12.1.3/oraclepki.jar,,,,,,
file:/iriwl/app01/adf_ows/Oracle/oracle_common/modules/oracle.nlsrtl_12.1.0/orai18n.jar,,,,,12.1.0.2.0,12.1.0.2.0-Production__Build-12,
file:/iriwl/app01/adf_ows/Oracle/oracle_common/modules/oracle.nlsrtl_12.1.0/orai18n-mapping.jar,,,,,12.1.0.2.0,12.1.0.2.0-Production__Build-12,
file:/iriwl/app01/adf_ows/Oracle/oracle_common/modules/oracle.nlsrtl_12.1.0/orai18n-utility.jar,,,,,12.1.0.2.0,12.1.0.2.0-Production__Build-12,
file:/iriwl/app01/adf_ows/Oracle/oracle_common/modules/oracle.nlsrtl_12.1.0/orai18n-collation.jar,,,,,12.1.0.2.0,12.1.0.2.0-Production__Build-12,
file:/iriwl/app01/adf_ows/Oracle/oracle_common/modules/oracle.nlsrtl_12.1.0/orai18n-translation.jar,,,,,12.1.0.2.0,12.1.0.2.0-Production__Build-12,
file:/iriwl/app01/adf_ows/Oracle/oracle_common/modules/oracle.nlsrtl_12.1.0/orai18n-net.jar,,,,,12.1.0.2.0,12.1.0.2.0-Production__Build-12,
file:/iriwl/app01/adf_ows/Oracle/oracle_common/modules/oracle.nlsrtl_12.1.0/orai18n-servlet.jar,,,,,12.1.0.2.0,12.1.0.2.0-Production__Build-12,
file:/iriwl/app01/adf_ows/Oracle/oracle_common/modules/oracle.nlsrtl_12.1.0/orai18n-lcsd.jar,,,,,12.1.0.2.0,12.1.0.2.0-Production__Build-12,
file:/iriwl/app01/adf_ows/Oracle/oracle_common/modules/oracle.nlsrtl_12.1.0/orai18n-tools.jar,,,,,,
file:/iriwl/app01/adf_ows/jdk1.7.0_131/lib/tools.jar,,,,,,
file:/iriwl/app01/adf_ows/Oracle/wlserver/server/lib/weblogic.jar,,,,,,12.1.3.0.0,
file:/iriwl/app01/adf_ows/Oracle/wlserver/modules/features/weblogic.server.merged.jar,,,,,12.1.3,12.1.3.0.0,
file:/iriwl/app01/adf_ows/Oracle/wlserver/modules/features/weblogic.server.merge.modules_12.1.3.0.jar,,,,,,12.1.3.0,
file:/iriwl/app01/adf_ows/Oracle/wlserver/modules/hk2-api_2.3.0-b01.jar,,,,,,
file:/iriwl/app01/adf_ows/Oracle/wlserver/modules/hk2-utils_2.3.0-b01.jar,,,,,,
file:/iriwl/app01/adf_ows/Oracle/wlserver/modules/hk2-locator_2.3.0-b01.jar,,,,,,
file:/iriwl/app01/adf_ows/Oracle/wlserver/modules/hk2-runlevel_2.3.0-b01.jar,,,,,,
file:/iriwl/app01/adf_ows/Oracle/oracle_common/modules/features/com.oracle.db.jdbc7-no-dms.jar,,,,,12.1.3,12.1.0.2.0,
file:/iriwl/app01/adf_ows/Oracle/oracle_common/modules/oracle.jdbc_12.1.0/ojdbc7.jar,,,,,4.0,12.1.0.2.0,
file:/iriwl/app01/adf_ows/Oracle/oracle_common/modules/oracle.jdbc_12.1.0/aqapi.jar,,,,,,
file:/iriwl/app01/adf_ows/Oracle/oracle_common/modules/oracle.ons_12.1.3/ons.jar,,,,,,
file:/iriwl/app01/adf_ows/Oracle/oracle_common/modules/javax.persistence_2.0.0.0_2-0.jar,,,,,2.0,2.0.5,
file:/iriwl/app01/adf_ows/Oracle/oracle_common/modules/oracle.toplink_12.1.3/eclipselink.jar,,,,,2.5.2,2.5.2.v20140319-9ad6abd,
file:/iriwl/app01/adf_ows/Oracle/oracle_common/modules/oracle.toplink_12.1.3/toplink-grid.jar,,,,,12.1.3,12.1.3.20140515,
file:/iriwl/app01/adf_ows/Oracle/oracle_common/modules/oracle.toplink_12.1.3/toplink-exalogic.jar,,,,,12.1.3,12.1.3.20140515,
file:/iriwl/app01/adf_ows/Oracle/wlserver/modules/com.oracle.css.common.security.i18n_7.1.0.0.jar,,,,,7.1.0.0,CSS 7.1 0.0,
file:/iriwl/app01/adf_ows/Oracle/wlserver/modules/com.oracle.css.common.security.xacml_7.1.0.0.jar,,,,,7.1.0.0,CSS 7.1 0.0,
file:/iriwl/app01/adf_ows/Oracle/wlserver/modules/com.oracle.css.common.security.saml2.utils_7.1.0.0.jar,,,,,7.1.0.0,CSS 7.1 0.0,
file:/iriwl/app01/adf_ows/Oracle/wlserver/modules/com.oracle.css.common.engine.impl_7.1.0.0.jar,,,,,7.1.0.0,CSS 7.1 0.0,
file:/iriwl/app01/adf_ows/Oracle/wlserver/modules/com.oracle.css.common.engine.api_7.1.0.0.jar,,,,,7.1.0.0,CSS 7.1 0.0,
file:/iriwl/app01/adf_ows/Oracle/wlserver/modules/com.oracle.css.common.security.api_7.1.0.0.jar,,,,,7.1.0.0,CSS 7.1 0.0,
file:/iriwl/app01/adf_ows/Oracle/wlserver/modules/com.oracle.css.common.security.impl_7.1.0.0.jar,,,,,7.1.0.0,CSS 7.1 0.0,
file:/iriwl/app01/adf_ows/Oracle/wlserver/modules/com.oracle.css.common.security.jdkutils_7.1.0.0.jar,,,,,7.1.0.0,CSS 7.1 0.0,
file:/iriwl/app01/adf_ows/Oracle/wlserver/modules/com.oracle.css.common.security.utils_7.1.0.0.jar,,,,,7.1.0.0,CSS 7.1 0.0,
file:/iriwl/app01/adf_ows/Oracle/wlserver/modules/com.oracle.css.common.security.saml2_7.1.0.0.jar,,,,,7.1.0.0,CSS 7.1 0.0,
file:/iriwl/app01/adf_ows/Oracle/wlserver/modules/com.oracle.css.common.security.saml2.manage_7.1.0.0.jar,,,,,7.1.0.0,CSS 7.1 0.0,
file:/iriwl/app01/adf_ows/Oracle/wlserver/modules/com.oracle.css.common.security.providers.utils_7.1.0.0.jar,,,,,7.1.0.0,CSS 7.1 0.0,
file:/iriwl/app01/adf_ows/Oracle/wlserver/modules/com.oracle.css.common.security.saml.utils_7.1.0.0.jar,,,,,7.1.0.0,CSS 7.1 0.0,
file:/iriwl/app01/adf_ows/Oracle/wlserver/modules/com.oracle.css.common.security.xacmlproviders.utils_7.1.0.0.jar,,,,,7.1.0.0,CSS 7.1 0.0,
file:/iriwl/app01/adf_ows/Oracle/wlserver/modules/com.oracle.css.common.security.providers.env_7.1.0.0.jar,,,,,7.1.0.0,CSS 7.1 0.0,
file:/iriwl/app01/adf_ows/Oracle/wlserver/modules/com.bea.core.certj_1.0.0.0_6-1-1.jar,,,,,6.1.1,6.1.1,
file:/iriwl/app01/adf_ows/Oracle/oracle_common/modules/asm-3.1.jar,,,,,,3.1,
file:/iriwl/app01/adf_ows/Oracle/coherence/lib/coherence.jar,,,,,12.1.3.0.0,12.1.3.0.0,
file:/iriwl/app01/adf_ows/Oracle/coherence/lib/coherence-web.jar,,,,,12.1.3.0.0,12.1.3.0.0,
file:/iriwl/app01/adf_ows/Oracle/wlserver/modules/com.oracle.core.eclipselink.integration_3.1.0.0.jar,,,,,,3.1.0.0,
file:/iriwl/app01/adf_ows/Oracle/oracle_common/modules/com.oracle.webservices.wls.wls-ws-metainf-services-impl_12.1.3.jar,,,,,,
file:/iriwl/app01/adf_ows/Oracle/wlserver/modules/com.oracle.css.opensaml_7.1.0.0.jar,,,,,,
file:/iriwl/app01/adf_ows/Oracle/wlserver/modules/com.oracle.css.opensaml2_7.1.0.0.jar,,,,,,
file:/iriwl/app01/adf_ows/Oracle/wlserver/modules/com.oracle.css.weblogic.security.wls_7.1.0.0.jar,,,,,7.1.0.0,CSS 7.1 0.0,
file:/iriwl/app01/adf_ows/Oracle/wlserver/modules/com.oracle.css.weblogic.security_7.1.0.0.jar,,,,,7.1.0.0,CSS 7.1 0.0,
file:/iriwl/app01/adf_ows/Oracle/wlserver/modules/org.apache.openjpa_1.5.0.0_1-1-1.jar,,,,,1.1.1-SNAPSHOT,1.5.0.0_1-1-1,
file:/iriwl/app01/adf_ows/Oracle/oracle_common/modules/internal/features/com.oracle.webservices.wls.wls-classpath_12.1.3.jar,,,,,12.1.3,12.1.3.0.0,
file:/iriwl/app01/adf_ows/Oracle/oracle_common/modules/com.oracle.webservices.wls.wls-integration-impl_12.1.3.jar,,,,,,
file:/iriwl/app01/adf_ows/Oracle/oracle_common/modules/com.oracle.webservices.wls.wls-soap-stack-impl_12.1.3.jar,,,,,,
file:/iriwl/app01/adf_ows/Oracle/oracle_common/modules/com.oracle.webservices.wls.wls-soap-tool-jspgen_12.1.3.jar,,,,,,
file:/iriwl/app01/adf_ows/Oracle/oracle_common/modules/com.oracle.state-management.executor-internal-api_12.1.3.jar,,,,,,
file:/iriwl/app01/adf_ows/Oracle/oracle_common/modules/com.oracle.state-management.persistence-service-internal-api_12.1.3.jar,,,,,,
file:/iriwl/app01/adf_ows/Oracle/oracle_common/modules/com.oracle.state-management.persistence-service-provider-state-management-impl_12.1.3.jar,,,,,,
file:/iriwl/app01/adf_ows/Oracle/oracle_common/modules/com.oracle.state-management.state-management-internal-api_12.1.3.jar,,,,,,
file:/iriwl/app01/adf_ows/Oracle/oracle_common/modules/com.oracle.state-management.state-management-provider-aggregate-impl_12.1.3.jar,,,,,,
file:/iriwl/app01/adf_ows/Oracle/oracle_common/modules/com.oracle.state-management.state-management-provider-coherence-impl_12.1.3.jar,,,,,,
file:/iriwl/app01/adf_ows/Oracle/oracle_common/modules/com.oracle.state-management.state-management-provider-common-internal-api_12.1.3.jar,,,,,,
file:/iriwl/app01/adf_ows/Oracle/oracle_common/modules/com.oracle.state-management.state-management-provider-jdbc-impl_12.1.3.jar,,,,,,
file:/iriwl/app01/adf_ows/Oracle/oracle_common/modules/com.oracle.state-management.state-management-provider-memory-impl_12.1.3.jar,,,,,,
file:/iriwl/app01/adf_ows/Oracle/oracle_common/modules/com.oracle.state-management.transactional-map-internal-api_12.1.3.jar,,,,,,
file:/iriwl/app01/adf_ows/Oracle/oracle_common/modules/com.oracle.webservices.audit-internal-api_12.1.3.jar,,,,,,
file:/iriwl/app01/adf_ows/Oracle/oracle_common/modules/com.oracle.webservices.disi-impl_12.1.3.jar,,,,,,
file:/iriwl/app01/adf_ows/Oracle/oracle_common/modules/com.oracle.webservices.disi-internal-api_12.1.3.jar,,,,,,
file:/iriwl/app01/adf_ows/Oracle/oracle_common/modules/com.oracle.webservices.fabric-common-api_12.1.3.jar,,,,,,
file:/iriwl/app01/adf_ows/Oracle/oracle_common/modules/com.oracle.webservices.mdds-api_12.1.3.jar,,,,,,
file:/iriwl/app01/adf_ows/Oracle/oracle_common/modules/com.oracle.webservices.mdds-jersey-api_12.1.3.jar,,,,,,
file:/iriwl/app01/adf_ows/Oracle/oracle_common/modules/com.oracle.webservices.orasaaj-rt-api_12.1.3.jar,,,,,,
file:/iriwl/app01/adf_ows/Oracle/oracle_common/modules/com.oracle.webservices.session-manager-impl_12.1.3.jar,,,,,,
file:/iriwl/app01/adf_ows/Oracle/oracle_common/modules/com.oracle.webservices.session-manager-internal-api_12.1.3.jar,,,,,,
file:/iriwl/app01/adf_ows/Oracle/oracle_common/modules/com.oracle.webservices.user-api_12.1.3.jar,,,,,,
file:/iriwl/app01/adf_ows/Oracle/oracle_common/modules/com.oracle.webservices.ws-star-impl_12.1.3.jar,,,,,,
file:/iriwl/app01/adf_ows/Oracle/oracle_common/modules/com.oracle.webservices.wls.wls-ws-api_12.1.3.jar,,,,,,
file:/iriwl/app01/adf_ows/Oracle/oracle_common/modules/com.sun.istack.istack-commons-runtime_2.19.jar,,,,,,2.19,
file:/iriwl/app01/adf_ows/Oracle/oracle_common/modules/com.sun.xml.fastinfoset.FastInfoset_1.2.13.jar,,,,,1.0,1.2.13,
file:/iriwl/app01/adf_ows/Oracle/oracle_common/modules/com.sun.xml.messaging.saaj.saaj-impl_1.3.jar,,,,,,
file:/iriwl/app01/adf_ows/Oracle/oracle_common/modules/com.sun.xml.stream.buffer.streambuffer_1.5.3.jar,,,,,,1.5.3,
file:/iriwl/app01/adf_ows/Oracle/oracle_common/modules/com.sun.xml.ws.jaxws-eclipselink-plugin_2.2.jar,,,,,${jaxws-api.majorVersion}.${jaxws-api.minorVersio,2.2.10-b140319.1121,
file:/iriwl/app01/adf_ows/Oracle/oracle_common/modules/com.sun.xml.ws.jaxws-rt_2.2.jar,,,,,2.2,2.2.10-b140319.1121,
file:/iriwl/app01/adf_ows/Oracle/oracle_common/modules/com.sun.xml.ws.jaxws-tools_2.2.jar,,,,,2.2,2.2.10-b140319.1121,
file:/iriwl/app01/adf_ows/Oracle/oracle_common/modules/com.sun.xml.ws.policy_2.4.jar,,,,,,2.4,
file:/iriwl/app01/adf_ows/Oracle/oracle_common/modules/com.sun.xml.ws.sdo-eclipselink-plugin_2.2.jar,,,,,${jaxws-api.majorVersion}.${jaxws-api.minorVersio,2.2.10-b140319.1121,
file:/iriwl/app01/adf_ows/Oracle/oracle_common/modules/org.glassfish.external.management-api_3.2.1-b001.jar,,,,,,
file:/iriwl/app01/adf_ows/Oracle/oracle_common/modules/org.glassfish.gmbal.gmbal-api-only_3.1.0-b001.jar,,,,,,
file:/iriwl/app01/adf_ows/Oracle/oracle_common/modules/org.glassfish.ha.ha-api_3.1.9.jar,,,,,,3.1.9,
file:/iriwl/app01/adf_ows/Oracle/oracle_common/modules/org.glassfish.metro.metro-cm-api_2.3.1.jar,,,,,,2.3.1-b411,
file:/iriwl/app01/adf_ows/Oracle/oracle_common/modules/org.glassfish.metro.metro-cm-impl_2.3.1.jar,,,,,,2.3.1-b411,
file:/iriwl/app01/adf_ows/Oracle/oracle_common/modules/org.glassfish.metro.metro-commons_2.3.1.jar,,,,,,2.3.1-b411,
file:/iriwl/app01/adf_ows/Oracle/oracle_common/modules/org.glassfish.metro.metro-config-api_2.3.1.jar,,,,,,2.3.1-b411,
file:/iriwl/app01/adf_ows/Oracle/oracle_common/modules/org.glassfish.metro.metro-runtime-api_2.3.1.jar,,,,,,2.3.1-b411,
file:/iriwl/app01/adf_ows/Oracle/oracle_common/modules/org.glassfish.metro.metro-runtime-impl_2.3.1.jar,,,,,,2.3.1-b411,
file:/iriwl/app01/adf_ows/Oracle/oracle_common/modules/org.glassfish.metro.soaptcp-api_2.3.1.jar,,,,,,2.3.1-b411,
file:/iriwl/app01/adf_ows/Oracle/oracle_common/modules/org.glassfish.metro.soaptcp-impl_2.3.1.jar,,,,,,2.3.1-b411,
file:/iriwl/app01/adf_ows/Oracle/oracle_common/modules/org.glassfish.metro.wsmc-api_2.3.1.jar,,,,,,2.3.1-b411,
file:/iriwl/app01/adf_ows/Oracle/oracle_common/modules/org.glassfish.metro.wsrm-api_2.3.1.jar,,,,,,2.3.1-b411,
file:/iriwl/app01/adf_ows/Oracle/oracle_common/modules/org.glassfish.metro.wsrm-impl_2.3.1.jar,,,,,,2.3.1-b411,
file:/iriwl/app01/adf_ows/Oracle/oracle_common/modules/org.glassfish.metro.wsrx-commons_2.3.1.jar,,,,,,2.3.1-b411,
file:/iriwl/app01/adf_ows/Oracle/oracle_common/modules/org.glassfish.metro.wssx-api_2.3.1.jar,,,,,,2.3.1-b411,
file:/iriwl/app01/adf_ows/Oracle/oracle_common/modules/org.glassfish.metro.wstx-core_2.3.1.jar,,,,,,2.3.1-b411,
file:/iriwl/app01/adf_ows/Oracle/oracle_common/modules/org.glassfish.metro.xmlfilter_2.3.1.jar,,,,,,2.3.1-b411,
file:/iriwl/app01/adf_ows/Oracle/oracle_common/modules/org.jvnet.mimepull.mimepull_1.9.4.jar,,,,,,1.9.4,
file:/iriwl/app01/adf_ows/Oracle/oracle_common/modules/org.jvnet.staxex.stax-ex_1.7.5.jar,,,,,,1.7.5,
file:/iriwl/app01/adf_ows/Oracle/oracle_common/modules/com.oracle.http_client.http_client_12.1.3.jar,,,,,,1.0.0-140413.1331,
file:/iriwl/app01/adf_ows/Oracle/oracle_common/modules/com.oracle.webservices.orawsdl-api_12.1.3.jar,,,,,,
file:/iriwl/app01/adf_ows/Oracle/oracle_common/modules/com.sun.org.apache.xml.internal.resolver_20050927.jar,,,,,,
file:/iriwl/app01/adf_ows/Oracle/oracle_common/modules/com.sun.xml.bind.jaxb-core_2.2.jar,,,,,2.2,2.2.10-b140310.1920,
file:/iriwl/app01/adf_ows/Oracle/oracle_common/modules/com.sun.xml.bind.jaxb-impl_2.2.jar,,,,,2.2,2.2.10-b140310.1920,
file:/iriwl/app01/adf_ows/Oracle/oracle_common/modules/com.sun.xml.bind.jaxb-xjc_2.2.jar,,,,,2.2,2.2.10-b140310.1920,
file:/iriwl/app01/adf_ows/Oracle/oracle_common/modules/com.sun.xml.bind.jaxb-jxc_2.2.jar,,,,,2.2,2.2.10-b140310.1920,
file:/iriwl/app01/adf_ows/Oracle/oracle_common/modules/org.codehaus.woodstox.stax2-api_3.1.1.jar,,,,,3.1.1,3.1.1,
file:/iriwl/app01/adf_ows/Oracle/oracle_common/modules/org.codehaus.woodstox.woodstox-core-asl_4.2.0.jar,,,,,1.0.0,4.2.0,
file:/iriwl/app01/adf_ows/Oracle/wlserver/modules/com.bea.core.diagnostics.instrumentor.config_3.1.0.0.jar,,,,,,3.1.0.0,
file:/iriwl/app01/adf_ows/Oracle/wlserver/modules/com.bea.core.datasource6.binding_2.3.0.0.jar,,,,,,2.3.0.0,
file:/iriwl/app01/adf_ows/Oracle/wlserver/modules/com.bea.core.descriptor.settable.binding_3.0.0.0.jar,,,,,,3.0.0.0,
file:/iriwl/app01/adf_ows/Oracle/wlserver/modules/com.bea.core.diagnostics.accessor.binding_4.0.0.0.jar,,,,,,4.0.0.0,
file:/iriwl/app01/adf_ows/Oracle/wlserver/modules/com.bea.core.management.core.binding_4.1.0.0.jar,,,,,,4.1.0.0,
file:/iriwl/app01/adf_ows/Oracle/wlserver/modules/com.bea.core.kodo.integration.binding_4.0.0.0.jar,,,,,,4.0.0.0,
file:/iriwl/app01/adf_ows/Oracle/wlserver/modules/com.bea.core.redef.binding_3.1.0.0.jar,,,,,,3.1.0.0,
file:/iriwl/app01/adf_ows/Oracle/wlserver/modules/com.bea.core.descriptor.application.binding_3.0.0.0.jar,,,,,,3.0.0.0,
file:/iriwl/app01/adf_ows/Oracle/wlserver/modules/com.bea.core.descriptor.j2ee.binding_3.0.0.0.jar,,,,,,3.0.0.0,
file:/iriwl/app01/adf_ows/Oracle/wlserver/modules/com.bea.core.descriptor.wl.binding_4.0.0.0.jar,,,,,,4.0.0.0,
file:/iriwl/app01/adf_ows/Oracle/wlserver/modules/com.oracle.core.coherence.descriptor.binding_4.0.0.0.jar,,,,,,4.0.0.0,
file:/iriwl/app01/adf_ows/Oracle/wlserver/modules/com.oracle.core.coherence.app.descriptor.binding_1.1.0.0.jar,,,,,,1.1.0.0,
file:/iriwl/app01/adf_ows/Oracle/wlserver/modules/com.bea.core.descriptor.application_3.0.0.0.jar,,,,,,3.0.0.0,
file:/iriwl/app01/adf_ows/Oracle/wlserver/modules/com.bea.core.descriptor.j2ee_3.0.0.0.jar,,,,,,3.0.0.0,
file:/iriwl/app01/adf_ows/Oracle/wlserver/modules/com.bea.core.descriptor.wl_4.0.0.0.jar,,,,,,4.0.0.0,
file:/iriwl/app01/adf_ows/Oracle/wlserver/modules/com.bea.core.descriptor_2.2.0.0.jar,,,,,,2.2.0.0,
file:/iriwl/app01/adf_ows/Oracle/wlserver/modules/com.bea.core.compat.wl.90_1.6.0.0.jar,,,,,,1.6.0.0,
file:/iriwl/app01/adf_ows/Oracle/wlserver/modules/com.oracle.core.coherence.descriptor_4.0.0.0.jar,,,,,,4.0.0.0,
file:/iriwl/app01/adf_ows/Oracle/wlserver/modules/com.oracle.core.coherence.app.descriptor_1.1.0.0.jar,,,,,,1.1.0.0,
file:/iriwl/app01/adf_ows/Oracle/wlserver/modules/features/weblogic.server.modules.jsf2.0_12.1.3.0.jar,,,,,,12.1.3.0,
file:/iriwl/app01/adf_ows/Oracle/wlserver/modules/glassfish.jsf_2.0.0.0_2-1-20.jar,,,,,2.1,2.0.0.0_2-1-20,
file:/iriwl/app01/adf_ows/Oracle/oracle_common/modules/com.bea.core.i18n_3.0.0.0.jar,,,,,,3.0.0.0,
file:/iriwl/app01/adf_ows/Oracle/oracle_common/modules/oracle.toplink_12.1.3/toplink-dataservices.jar,,,,,,
file:/iriwl/app01/adf_ows/Oracle/oracle_common/modules/oracle.xdk_12.1.3/xmlparserv2_sans_jaxp_services.jar,,,,,,
file:/iriwl/app01/adf_ows/Oracle/wlserver/modules/monfox.dsnmp.agent_1.3.0.0_4-7-30.jar,,,,,,4.7.30,
file:/iriwl/app01/adf_ows/Oracle/oracle_common/modules/javax.xml.bind_1.0.0.0_2-2-3.jar,,,,,2.2.3,2.2.3,
file:/iriwl/app01/adf_ows/Oracle/oracle_common/modules/javax.xml.ws_1.0.0.0_2-2.jar,,,,,2.2,2.2,
file:/iriwl/app01/adf_ows/Oracle/wlserver/modules/com.bea.core.i18n.generator_4.0.0.0.jar,,,,,,4.0.0.0,
file:/iriwl/app01/adf_ows/Oracle/wlserver/modules/com.bea.core.i18n.tools_3.1.0.0.jar,,,,,,3.1.0.0,
file:/iriwl/app01/adf_ows/Oracle/oracle_common/modules/org.apache.ant_1.9.2/lib/ant.jar,,,,,1.9.2,1.9.2,
file:/iriwl/app01/adf_ows/Oracle/oracle_common/modules/org.apache.ant_1.9.2/lib/ant-launcher.jar,,,,,,
file:/iriwl/app01/adf_ows/Oracle/wlserver/modules/com.bea.core.kodo_1.8.0.0_4-2-1.jar,,,,,2.0.0,4.2.0.,
file:/iriwl/app01/adf_ows/Oracle/wlserver/modules/com.bea.core.kodo.integration_4.0.0.0.jar,,,,,,4.0.0.0,
file:/iriwl/app01/adf_ows/Oracle/wlserver/modules/com.bea.core.kodo.integration.tools_2.2.0.0.jar,,,,,,2.2.0.0,
file:/iriwl/app01/adf_ows/Oracle/wlserver/modules/com.oracle.cmm.agent_1.0.0.b01.jar,,,,,,
file:/iriwl/app01/adf_ows/Oracle/wlserver/modules/com.oracle.cmm.lowertier_1.0.0.0.jar,,,,,,1.0.0.0,
file:/iriwl/app01/adf_ows/Oracle/oracle_common/modules/jackson-core-asl-1.9.2.jar,,,,,1.0,1.9.2,
file:/iriwl/app01/adf_ows/Oracle/oracle_common/modules/jackson-jaxrs-1.9.2.jar,,,,,,1.9.2,
file:/iriwl/app01/adf_ows/Oracle/oracle_common/modules/jackson-mapper-asl-1.9.2.jar,,,,,,1.9.2,
file:/iriwl/app01/adf_ows/Oracle/oracle_common/modules/jackson-xc-1.9.2.jar,,,,,,1.9.2,
file:/iriwl/app01/adf_ows/Oracle/oracle_common/modules/jettison-1.1.jar,,,,,,1.1,
file:/iriwl/app01/adf_ows/Oracle/oracle_common/modules/weblogic.jaxrs.internal.common_1.2.0.0.jar,,,,,,1.2,
file:/iriwl/app01/adf_ows/Oracle/oracle_common/modules/weblogic.jaxrs.client_3.0.0.0.jar,,,,,,1.0,
file:/iriwl/app01/adf_ows/Oracle/oracle_common/modules/weblogic.jaxrs.server_3.0.0.0.jar,,,,,,1.0,
file:/iriwl/app01/adf_ows/Oracle/oracle_common/modules/jersey-core-1.18.jar,,,,,,1.18.1,
file:/iriwl/app01/adf_ows/Oracle/oracle_common/modules/jersey-client-1.18.jar,,,,,,1.18.1,
file:/iriwl/app01/adf_ows/Oracle/oracle_common/modules/jersey-server-1.18.jar,,,,,,1.18.1,
file:/iriwl/app01/adf_ows/Oracle/oracle_common/modules/jersey-servlet-1.18.jar,,,,,,1.18.1,
file:/iriwl/app01/adf_ows/Oracle/oracle_common/modules/jersey-multipart-1.18.jar,,,,,,1.18.1,
file:/iriwl/app01/adf_ows/Oracle/oracle_common/modules/jersey-json-1.18.jar,,,,,,1.18.1,
file:/iriwl/app01/adf_ows/Oracle/wlserver/modules/javax.websocket_1.0.0.0.jar,,,,,1.0,1.0.0.0,
file:/iriwl/app01/adf_ows/Oracle/wlserver/modules/glassfish.tyrus_1.0.0.0_1-3-5.jar,,,,,1.0,1.0.0.0_1-3-5,
file:/iriwl/app01/adf_ows/Oracle/wlserver/modules/glassfish.tyrus.fallback_1.0.0.0_1-0.jar,,,,,1.0,1.0.0.0_1-0,
file:/iriwl/app01/adf_ows/Oracle/wlserver/modules/com.oracle.weblogic.websocket.client_1.0.0.0.jar,,,,,,1.0.0.0,
file:/iriwl/app01/adf_ows/Oracle/wlserver/modules/javax.json_1.0.0.0_1-0.jar,,,,,,1.0.3,
file:/iriwl/app01/adf_ows/Oracle/wlserver/modules/com.oracle.weblogic.build-1.7-utils_1.0.0.0.jar,,,,,,1.0.0.0,
file:/iriwl/app01/adf_ows/Oracle/wlserver/modules/hibernate.validator_1.0.0.0_4-1-0.jar,,,,,,4.1.0,
file:/iriwl/app01/adf_ows/Oracle/oracle_common/common/lib/config-launch.jar,,,,,1.2.0.0,12.1.3.0,
file:/iriwl/app01/adf_ows/Oracle/oracle_common/jlib/help-share.jar,,,,,5.0,JDEVADF_12.1.3.0.0_GENERIC_140521.1008.S,
file:/iriwl/app01/adf_ows/Oracle/oracle_common/jlib/jewt4.jar,12.1.3.0.41.140521.1008,JDEVADF_12.1.3.0.0_GENERIC_140521.1008.S,Official Builder,2014-05-21 03:53:46 -0700,,
file:/iriwl/app01/adf_ows/Oracle/oracle_common/jlib/jgoodies-looks.jar,12.1.3.0.41.140521.1008,JDEVADF_12.1.3.0.0_GENERIC_140521.1008.S,user=aime host=slc03tux,2014-05-21 10:50:48 -0700,,
file:/iriwl/app01/adf_ows/Oracle/oracle_common/jlib/ohj.jar,,,,,5.0,JDEVADF_12.1.3.0.0_GENERIC_140521.1008.S,
file:/iriwl/app01/adf_ows/Oracle/oracle_common/jlib/oracle_ice.jar,,,,,,6.1.3.4,
file:/iriwl/app01/adf_ows/Oracle/oracle_common/jlib/share.jar,,,,,,LABEL=JEWT_MAIN_GENERIC_140224.0941.S,
file:/iriwl/app01/adf_ows/Oracle/oracle_common/modules/com.oracle.cie.config-wls-schema_12.1.3.0.jar,,,,,8.1.0.0,12.1.3.0,
file:/iriwl/app01/adf_ows/Oracle/oracle_common/modules/features/com.oracle.cie.config_8.1.0.0.jar,,,,,,
file:/iriwl/app01/adf_ows/Oracle/oracle_common/modules/com.bea.core.xml.xmlbeans_1.0.0.0_2-6-0.jar,,,,,,2.6.0-r1443779,
file:/iriwl/app01/adf_ows/Oracle/oracle_common/modules/javax.xml.stream_1.1.1.0.jar,,,,,,1.1.1.0,
file:/iriwl/app01/adf_ows/Oracle/oracle_common/modules/com.oracle.cie.config-wls-api_1.0.0.0.jar,,,,,1.0.0.0,1.0.0.0,
file:/iriwl/app01/adf_ows/Oracle/oracle_common/modules/com.oracle.cie.config-wls_8.1.0.0.jar,,,,,2.1.0.0,8.1.0.0,
file:/iriwl/app01/adf_ows/Oracle/oracle_common/modules/com.oracle.cie.config_8.1.0.0.jar,,,,,7.0.0.0,8.1.0.0,
file:/iriwl/app01/adf_ows/Oracle/oracle_common/modules/com.oracle.cie.encryption_2.1.0.0.jar,,,,,2.0.0.0,2.1.0.0,
file:/iriwl/app01/adf_ows/Oracle/oracle_common/modules/com.oracle.cie.comdev_7.1.0.0.jar,,,,,3.0.0.0,7.1.0.0,
file:/iriwl/app01/adf_ows/Oracle/oracle_common/modules/com.oracle.cie.wizard_7.1.0.0.jar,,,,,7.0.0.0,7.1.0.0,
file:/iriwl/app01/adf_ows/Oracle/oracle_common/modules/com.oracle.cie.xmldh_2.7.0.0.jar,,,,,2.0.0.0,2.7.0.0,
file:/iriwl/app01/adf_ows/Oracle/oracle_common/modules/com.oracle.cie.dependency_1.1.0.0.jar,,,,,1.0.0.0,1.1.0.0,
file:/iriwl/app01/adf_ows/Oracle/oracle_common/modules/com.bea.core.xquery_1.8.0.0.jar,,,,,,1.8.0.0,
file:/iriwl/app01/adf_ows/Oracle/oracle_common/modules/com.bea.core.xquery.xmlbeans-interop_1.8.0.0.jar,,,,,,1.8.0.0,
file:/iriwl/app01/adf_ows/Oracle/oracle_common/modules/com.oracle.cie.config-security_8.1.0.0.jar,,,,,1.0.0.0,8.1.0.0,
file:/iriwl/app01/adf_ows/Oracle/oracle_common/modules/com.oracle.cie.config-security-impl_8.1.0.0.jar,,,,,1.0.0.0,8.1.0.0,
file:/iriwl/app01/adf_ows/Oracle/oracle_common/modules/com.oracle.cie.config-owsm_8.1.0.0.jar,,,,,7.0.0.0,8.1.0.0,
file:/iriwl/app01/adf_ows/Oracle/oracle_common/modules/com.oracle.cie.service-table_1.1.0.0.jar,,,,,1.1.0.0,1.1.0.0,
file:/iriwl/app01/adf_ows/Oracle/oracle_common/modules/com.oracle.cie.service-table-schema_1.1.0.0.jar,,,,,1.1.0.0,1.1.0.0,
file:/iriwl/app01/adf_ows/Oracle/oracle_common/modules/com.oracle.cie.service-table-impl_1.1.0.0.jar,,,,,1.1.0.0,1.1.0.0,
file:/iriwl/app01/adf_ows/Oracle/oracle_common/modules/com.oracle.cie.rcu_1.1.0.0.jar,,,,,,
file:/iriwl/app01/adf_ows/Oracle/oracle_common/modules/com.oracle.cie.config-quickstart-launcher_1.0.0.0.jar,,,,,7.0.0.0,1.0.0.0,
file:/iriwl/app01/adf_ows/Oracle/oracle_common/modules/com.oracle.cie.config-quickstart-schema-launcher_1.0.0.0.jar,,,,,${CONFIG-QUICKSTART_MANIFEST_SPEC_VERSION},1.0.0.0,
file:/iriwl/app01/adf_ows/Oracle/oracle_common/modules/features/orapki.lib_12.1.3.jar,,,,,12.1.3,12.1.3.0.0,
file:/iriwl/app01/adf_ows/Oracle/oracle_common/modules/oracle.ldap_12.1.3/ojmisc.jar,,,,,,
file:/iriwl/app01/adf_ows/Oracle/oracle_common/modules/oracle.rsa_12.1.3/cryptoj.jar,,,,,6.1.1,6.1.1,
file:/iriwl/app01/adf_ows/Oracle/wlserver/server/lib/schema/weblogic-domain-binding.jar,,,,,,
file:/iriwl/app01/adf_ows/Oracle/wlserver/server/lib/schema/weblogic-domain-binding-compatibility.jar,,,,,,
file:/iriwl/app01/adf_ows/Oracle/wlserver/server/lib/schema/diagnostics-binding.jar,,,,,,
file:/iriwl/app01/adf_ows/Oracle/wlserver/server/lib/schema/diagnostics-image-binding.jar,,,,,,
file:/iriwl/app01/adf_ows/Oracle/oracle_common/modules/mysql-connector-java-commercial-5.1.22/mysql-connector-java-commercial-5.1.22-bin.jar,,,,,4.0,5.1.22,
file:/iriwl/app01/adf_ows/Oracle/wlserver/server/lib/cryptoj.jar,,,,,6.1.1,6.1.1,
file:/iriwl/app01/adf_ows/Oracle/oracle_common/modules/datadirect/wlsqlserver.jar,,,,,,
file:/iriwl/app01/adf_ows/Oracle/oracle_common/modules/datadirect/wldb2.jar,,,,,,
file:/iriwl/app01/adf_ows/Oracle/oracle_common/modules/datadirect/wlsybase.jar,,,,,,
file:/iriwl/app01/adf_ows/Oracle/oracle_common/modules/datadirect/wlinformix.jar,,,,,,
file:/iriwl/app01/adf_ows/Oracle/oracle_common/modules/datadirect/fmwgenerictoken.jar,,,,,,1.0.0.0,
file:/iriwl/app01/adf_ows/Oracle/wlserver/server/lib/osgi.jar,,,,,,
file:/iriwl/app01/adf_ows/Oracle/wlserver/server/lib/wlw-langx.jar,,,,,,
file:/iriwl/app01/adf_ows/Oracle/oracle_common/modules/javax.jsp_4.0.0.0_2-2.jar,,,,,,2.2,
file:/iriwl/app01/adf_ows/Oracle/oracle_common/modules/glassfish.el_1.2.0.0_2-2.jar,,,,,2.2,1.2.0.0_2-2,
file:/iriwl/app01/adf_ows/Oracle/oracle_common/modules/javax.servlet_2.2.0.0_3-0.jar,,,,,,3.0,
file:/iriwl/app01/adf_ows/Oracle/wlserver/modules/com.bea.core.repackaged.jdt_1.0.0.0_3-10-0.jar,,,,,,3.10.0,
file:/iriwl/app01/adf_ows/Oracle/wlserver/modules/com.bea.core.utils.compiler_2.2.0.0.jar,,,,,,2.2.0.0,
file:/iriwl/app01/adf_ows/Oracle/wlserver/modules/com.bea.core.weblogic.web.api_4.0.0.0.jar,,,,,,4.0.0.0,
file:/iriwl/app01/adf_ows/Oracle/wlserver/server/lib/jcom.jar,,,,,,
file:/iriwl/app01/adf_ows/Oracle/wlserver/server/lib/weblogic-L10N.jar,,,,,,
file:/iriwl/app01/adf_ows/Oracle/wlserver/server/lib/weblogic-de.jar,,,,,,
file:/iriwl/app01/adf_ows/Oracle/wlserver/server/lib/weblogic-es.jar,,,,,,
file:/iriwl/app01/adf_ows/Oracle/wlserver/server/lib/weblogic-fr.jar,,,,,,
file:/iriwl/app01/adf_ows/Oracle/wlserver/server/lib/weblogic-it.jar,,,,,,
file:/iriwl/app01/adf_ows/Oracle/wlserver/server/lib/weblogic-ja.jar,,,,,,
file:/iriwl/app01/adf_ows/Oracle/wlserver/server/lib/weblogic-ko.jar,,,,,,
file:/iriwl/app01/adf_ows/Oracle/wlserver/server/lib/weblogic-pt_BR.jar,,,,,,
file:/iriwl/app01/adf_ows/Oracle/wlserver/server/lib/weblogic-zh_CN.jar,,,,,,
file:/iriwl/app01/adf_ows/Oracle/wlserver/server/lib/weblogic-zh_TW.jar,,,,,,
file:/iriwl/app01/adf_ows/Oracle/wlserver/server/lib/wljaccutil.jar,,,,,,
file:/iriwl/app01/adf_ows/Oracle/oracle_common/modules/net.sf.antcontrib_1.1.0.0_1-0b3/lib/ant-contrib.jar,,,,,,
file:/iriwl/app01/adf_ows/Oracle/wlserver/modules/features/oracle.wls.common.nodemanager_2.0.0.0.jar,,,,,,2.0.0.0,
file:/iriwl/app01/adf_ows/Oracle/wlserver/modules/com.oracle.core.nodemanager.server_2.0.0.0.jar,,,,,,2.0.0.0,
file:/iriwl/app01/adf_ows/Oracle/wlserver/modules/com.bea.core.xml.beaxmlbeans_1.0.0.0_2-6-0.jar,,,,,,2.6.0-r1443779,
file:/iriwl/app01/adf_ows/Oracle/wlserver/modules/com.bea.core.weblogic.stax_3.0.0.0.jar,,,,,,3.0.0.0,
file:/iriwl/app01/adf_ows/Oracle/wlserver/modules/com.bea.core.utils_2.3.0.0.jar,,,,,,2.3.0.0,
file:/iriwl/app01/adf_ows/Oracle/wlserver/modules/com.bea.core.beaninfo_3.2.0.0.jar,,,,,,3.2.0.0,
file:/iriwl/app01/adf_ows/Oracle/wlserver/modules/com.bea.core.xml.staxb.runtime_2.2.0.0.jar,,,,,,2.2.0.0,
file:/iriwl/app01/adf_ows/Oracle/wlserver/modules/com.bea.core.apache.dom_1.0.0.0_1-0.jar,,,,,,1.0,
file:/iriwl/app01/adf_ows/Oracle/wlserver/modules/com.bea.core.apache_4.0.0.0.jar,,,,,,4.0.0.0,
file:/iriwl/app01/adf_ows/Oracle/wlserver/modules/com.bea.core.annogen_2.2.0.0.jar,,,,,,2.2.0.0,
file:/iriwl/app01/adf_ows/Oracle/wlserver/modules/com.oracle.weblogic.cam.plugin_2.0.0.0.jar,,,,,,2.0.0.0,
file:/iriwl/app01/adf_ows/Oracle/wlserver/modules/com.oracle.weblogic.security.encryption_2.0.0.0.jar,,,,,,2.0.0.0,
file:/iriwl/app01/adf_ows/Oracle/wlserver/modules/com.bea.core.weblogic.security.logger_3.0.0.0.jar,,,,,,3.0.0.0,
file:/iriwl/app01/adf_ows/Oracle/wlserver/modules/com.bea.core.weblogic.security.digest_4.0.0.0.jar,,,,,,4.0.0.0,
file:/iriwl/app01/adf_ows/Oracle/wlserver/modules/com.bea.core.weblogic.security.identity_3.1.0.0.jar,,,,,,3.1.0.0,
file:/iriwl/app01/adf_ows/Oracle/wlserver/modules/com.bea.core.utils.classloaders_4.1.0.0.jar,,,,,,4.1.0.0,
file:/iriwl/app01/adf_ows/Oracle/wlserver/modules/com.oracle.core.nodemanager.common_2.0.0.0.jar,,,,,,2.0.0.0,
file:/iriwl/app01/adf_ows/Oracle/wlserver/modules/com.bea.core.logging_3.0.0.0.jar,,,,,,3.0.0.0,
file:/iriwl/app01/adf_ows/Oracle/wlserver/modules/com.bea.core.weblogic.workmanager_3.0.0.0.jar,,,,,,3.0.0.0,
file:/iriwl/app01/adf_ows/Oracle/wlserver/modules/com.bea.core.management.core_4.1.0.0.jar,,,,,,4.1.0.0,
file:/iriwl/app01/adf_ows/Oracle/wlserver/modules/com.bea.core.nodemanager.plugin_2.2.0.0.jar,,,,,,2.2.0.0,
file:/iriwl/app01/adf_ows/Oracle/wlserver/modules/com.bea.core.xml.xmlbeans_1.0.0.0_2-6-0.jar,,,,,,2.6.0-r1443779,
file:/iriwl/app01/adf_ows/Oracle/wlserver/modules/com.bea.core.weblogic.lifecycle_4.0.0.0.jar,,,,,,4.0.0.0,
file:/iriwl/app01/adf_ows/Oracle/oracle_common/modules/oracle.jps_12.1.3/jps-manifest.jar,,ENTSEC_12.1.3.0.0_GENERIC_140512.1601.S,,,,11.1.1.1.0,
file:/iriwl/app01/adf_ows/Oracle/oracle_common/modules/oracle.jps_12.1.3/jacc-spi.jar,,ENTSEC_12.1.3.0.0_GENERIC_140512.1601.S,,,,
file:/iriwl/app01/adf_ows/Oracle/oracle_common/modules/oracle.jps_12.1.3/jps-api.jar,,ENTSEC_12.1.3.0.0_GENERIC_140512.1601.S,,,,
file:/iriwl/app01/adf_ows/Oracle/oracle_common/modules/oracle.jps_12.1.3/jps-audit.jar,,ENTSEC_12.1.3.0.0_GENERIC_140512.1601.S,,,,
file:/iriwl/app01/adf_ows/Oracle/oracle_common/modules/oracle.jps_12.1.3/jps-az-api.jar,,,,,,11.1.1.3.0,
file:/iriwl/app01/adf_ows/Oracle/oracle_common/modules/oracle.jps_12.1.3/jps-az-common.jar,,,,,,11.1.1.3.0,
file:/iriwl/app01/adf_ows/Oracle/oracle_common/modules/oracle.jps_12.1.3/jps-common.jar,,ENTSEC_12.1.3.0.0_GENERIC_140512.1601.S,,,,
file:/iriwl/app01/adf_ows/Oracle/oracle_common/modules/oracle.jps_12.1.3/jps-az-management.jar,,,,,,11.1.1.3.0,
file:/iriwl/app01/adf_ows/Oracle/oracle_common/modules/oracle.jps_12.1.3/jps-internal.jar,,ENTSEC_12.1.3.0.0_GENERIC_140512.1601.S,,,,
file:/iriwl/app01/adf_ows/Oracle/oracle_common/modules/oracle.jps_12.1.3/jps-az-rt.jar,,,,,,11.1.1.3.0,
file:/iriwl/app01/adf_ows/Oracle/oracle_common/modules/oracle.jps_12.1.3/jps-az-pdplg.jar,,,,,,11.1.1.3.0,
file:/iriwl/app01/adf_ows/Oracle/oracle_common/modules/oracle.jps_12.1.3/jps-ee.jar,,ENTSEC_12.1.3.0.0_GENERIC_140512.1601.S,,,,
file:/iriwl/app01/adf_ows/Oracle/oracle_common/modules/oracle.jps_12.1.3/jps-pep.jar,,ENTSEC_12.1.3.0.0_GENERIC_140512.1601.S,,,,
file:/iriwl/app01/adf_ows/Oracle/oracle_common/modules/oracle.jps_12.1.3/jps-platform.jar,,,,,7.1.0.0,CSS 7.1 0.0,
file:/iriwl/app01/adf_ows/Oracle/oracle_common/modules/oracle.jps_12.1.3/jps-se.jar,,ENTSEC_12.1.3.0.0_GENERIC_140512.1601.S,,,,
file:/iriwl/app01/adf_ows/Oracle/oracle_common/modules/oracle.jps_12.1.3/jps-unsupported-api.jar,,ENTSEC_12.1.3.0.0_GENERIC_140512.1601.S,,,,
file:/iriwl/app01/adf_ows/Oracle/oracle_common/modules/oracle.jps_12.1.3/opss-tools.jar,,ENTSEC_12.1.3.0.0_GENERIC_140512.1601.S,,,,
file:/iriwl/app01/adf_ows/Oracle/oracle_common/modules/oracle.jps_12.1.3/jps-upgrade.jar,,ENTSEC_12.1.3.0.0_GENERIC_140512.1601.S,,,,
file:/iriwl/app01/adf_ows/Oracle/oracle_common/modules/oracle.jps_12.1.3/opss-component-security-info.jar,,,,,,
file:/iriwl/app01/adf_ows/Oracle/oracle_common/modules/oracle.jps_12.1.3/jps-sidm-api.jar,,LABEL ,,,,11.1.1.7.0,
file:/iriwl/app01/adf_ows/Oracle/oracle_common/modules/oracle.osdt_12.1.3/osdt_xmlsec.jar,,,,,2.3.0,2.3.0,
file:/iriwl/app01/adf_ows/Oracle/oracle_common/modules/oracle.osdt_12.1.3/osdt_saml.jar,,,,,2.2.0,2.2.0,
file:/iriwl/app01/adf_ows/Oracle/oracle_common/modules/oracle.osdt_12.1.3/osdt_saml2.jar,,,,,1.0.0,1.0.0,
file:/iriwl/app01/adf_ows/Oracle/oracle_common/modules/oracle.osdt_12.1.3/osdt_wss.jar,,,,,1.1.0,1.1.0,
file:/iriwl/app01/adf_ows/Oracle/oracle_common/modules/oracle.osdt_12.1.3/osdt_restsec.jar,,,,,2.3.0,2.3.0,
file:/iriwl/app01/adf_ows/Oracle/oracle_common/modules/oracle.osdt_12.1.3/osdt_ws_sx.jar,,,,,,
file:/iriwl/app01/adf_ows/Oracle/oracle_common/modules/oracle.idm_12.1.3/identitystore.jar,,,,,"1.0","1.0",
file:/iriwl/app01/adf_ows/Oracle/oracle_common/modules/oracle.idm_12.1.3/identityutils.jar,,,,,"1.0","1.0",
file:/iriwl/app01/adf_ows/Oracle/oracle_common/modules/oracle.ldap_12.1.3/ldapjclnt11.jar,,,,,1.0,1.0,
file:/iriwl/app01/adf_ows/Oracle/oracle_common/modules/oracle.igf_12.1.3/arisId-stack-ovd.jar,,,,,,
file:/iriwl/app01/adf_ows/Oracle/oracle_common/modules/oracle.igf_12.1.3/identitydirectory.jar,,,,,,
file:/iriwl/app01/adf_ows/Oracle/oracle_common/modules/oracle.igf_12.1.3/igf_mbeans.jar,,,,,,
file:/iriwl/app01/adf_ows/Oracle/oracle_common/modules/oracle.ovd_12.1.3/ovd.jar,,,,,,
file:/iriwl/app01/adf_ows/Oracle/oracle_common/modules/oracle.ovd_12.1.3/config.jar,,,,,,
file:/iriwl/app01/adf_ows/Oracle/oracle_common/modules/oracle.ovd_12.1.3/plugins.jar,,,,,,
file:/iriwl/app01/adf_ows/Oracle/oracle_common/modules/oracle.idc_12.1.3/IdentityContext.jar,,,,,,11.1.1.6.0,
file:/iriwl/app01/adf_ows/Oracle/oracle_common/modules/oracle.jdbc_12.1.0/ojdbc6dms.jar,,,,,4.0,12.1.0.2.0,
file:/iriwl/app01/adf_ows/Oracle/oracle_common/modules/oracle.dms_12.1.3/dms.jar,JRF_12.1.3.0.0_GENERIC_140506.2346.S,,,,,1.0.0-140506.2346,
file:/iriwl/app01/adf_ows/Oracle/oracle_common/modules/oracle.odl_12.1.3/ojdl.jar,JRF_12.1.3.0.0_GENERIC_140506.2346.S,,,,,1.0.0-140506.2346,
file:/iriwl/app01/adf_ows/Oracle/oracle_common/modules/org.dom4j_1.6.1.jar,,,,,,1.6.1,
file:/iriwl/app01/adf_ows/Oracle/oracle_common/modules/org.apache.neethi-2.0.4.jar,,,,,,
file:/iriwl/app01/adf_ows/Oracle/oracle_common/modules/org.jaxen_1.1.6.jar,,,,,,
file:/iriwl/app01/adf_ows/Oracle/oracle_common/modules/org.openliberty.openaz.azapi_1.1.jar,,,,,,
file:/iriwl/app01/adf_ows/Oracle/oracle_common/modules/org.openliberty.arisIdBeans_1.1.jar,,,,,,
file:/iriwl/app01/adf_ows/Oracle/oracle_common/modules/org.openliberty.arisId_1.1.jar,,,,,,
file:/iriwl/app01/adf_ows/Oracle/oracle_common/modules/asn1c.jar,,,,,,
file:/iriwl/app01/adf_ows/Oracle/oracle_common/modules/internal/features/jrf_wlsFmw_oracle.jrf.wls.classpath_12.1.3.jar,,,,,12.1.3,12.1.3.0.0,
file:/iriwl/app01/adf_ows/Oracle/oracle_common/modules/oracle.wsm.agent.wls_12.1.3/wsm-agent-wls.jar,,,,,,ENTSEC_12.1.3.0.0_GENERIC_140512.1601.S,
file:/iriwl/app01/adf_ows/Oracle/oracle_common/modules/commonj.sdo_2.1.1.jar,,,,,,
file:/iriwl/app01/adf_ows/Oracle/oracle_common/modules/oracle.igf_12.1.3/idxuserrole.jar,,,,,,
file:/iriwl/app01/adf_ows/Oracle/oracle_common/modules/oracle.osdt_12.1.3/ojdigsig.jar,,,,,,
file:/iriwl/app01/adf_ows/Oracle/oracle_common/modules/oracle.osdt_12.1.3/osdt_cms.jar,,,,,2.3.0,2.3.0,
file:/iriwl/app01/adf_ows/Oracle/oracle_common/modules/oracle.osdt_12.1.3/osdt_ldap.jar,,,,,1.2.0,1.2.0,
file:/iriwl/app01/adf_ows/Oracle/oracle_common/modules/oracle.osdt_12.1.3/osdt_lib_v12.jar,,,,,2.2.0,2.2.0,
file:/iriwl/app01/adf_ows/Oracle/oracle_common/modules/oracle.osdt_12.1.3/osdt_smime.jar,,,,,2.3.0,2.3.0,
file:/iriwl/app01/adf_ows/Oracle/oracle_common/modules/oracle.osdt_12.1.3/osdt_xkms.jar,,,,,1.0.0,1.0.0,
file:/iriwl/app01/adf_ows/Oracle/oracle_common/modules/oracle.osdt_12.1.3/osdt_cmp.jar,,,,,1.3.0,1.3.0,
file:/iriwl/app01/adf_ows/Oracle/oracle_common/modules/oracle.osdt_12.1.3/osdt_jce.jar,,,,,2.2.0,2.2.0,
file:/iriwl/app01/adf_ows/Oracle/oracle_common/modules/oracle.osdt_12.1.3/osdt_lib_v11.jar,,,,,2.2.0,2.2.0,
file:/iriwl/app01/adf_ows/Oracle/oracle_common/modules/oracle.osdt_12.1.3/osdt_ocsp.jar,,,,,2.1.0,2.1.0,
file:/iriwl/app01/adf_ows/Oracle/oracle_common/modules/oracle.osdt_12.1.3/osdt_tsp.jar,,,,,1.1.0,1.1.0,
file:/iriwl/app01/adf_ows/Oracle/oracle_common/modules/oracle.osdt_12.1.3/ospnego.jar,,,,,,
file:/iriwl/app01/adf_ows/Oracle/oracle_common/modules/oracle.sslconfig_12.1.3/sslconfig.jar,,,,,,
file:/iriwl/app01/adf_ows/Oracle/oracle_common/modules/oracle.xdk_12.1.3/xml.jar,,,,,,
file:/iriwl/app01/adf_ows/Oracle/oracle_common/modules/oracle.xdk_12.1.3/xsu12.jar,,,,,,
file:/iriwl/app01/adf_ows/Oracle/oracle_common/modules/oracle.logging-utils_12.1.3.jar,,,,,,1.0-SNAPSHOT,
file:/iriwl/app01/adf_ows/Oracle/oracle_common/modules/oracle.security-api_12.1.3.jar,,,,,,11.1.1.0.0,
file:/iriwl/app01/adf_ows/Oracle/oracle_common/modules/org.apache.commons.digester_1.8.jar,,,,,,1.8,
file:/iriwl/app01/adf_ows/Oracle/oracle_common/modules/org.apache.commons.beanutils_1.8.3.jar,,,,,1.8.3,1.8.3,
file:/iriwl/app01/adf_ows/Oracle/oracle_common/modules/org.apache.commons.logging_1.1.1.jar,,,,,1.0,1.1.1,
file:/iriwl/app01/adf_ows/Oracle/oracle_common/modules/com.sun.msv.datatype.xsd_20030530.jar,,,,,,
file:/iriwl/app01/adf_ows/Oracle/oracle_common/modules/org.apache.bcel_5.1.jar,,,,,5.1,5.1,
file:/iriwl/app01/adf_ows/Oracle/oracle_common/modules/org.springframework_2.5.jar,,,,,,2.5.6.SEC01,
file:/iriwl/app01/adf_ows/Oracle/oracle_common/modules/com.oracle.classloader.pcl_12.1.3.jar,,,,,,
file:/iriwl/app01/adf_ows/Oracle/oracle_common/modules/oracle.jmx_12.1.3/jmxframework.jar,,,,,,
file:/iriwl/app01/adf_ows/Oracle/oracle_common/modules/oracle.jmx_12.1.3/jmxspi.jar,,,,,,
file:/iriwl/app01/adf_ows/Oracle/oracle_common/modules/com.oracle.ojsp.globaltldcache_12.1.3.jar,,,,,,12.1.3.0.0-140506.2346,
file:/iriwl/app01/adf_ows/Oracle/oracle_common/modules/com.oracle.ojsp.web-common_12.1.3.jar,,,,,,12.1.3.0.0-140506.2346,
file:/iriwl/app01/adf_ows/Oracle/oracle_common/modules/com.oracle.jrf.j2ee.web-common-schemas_12.1.3.jar,,,,,,
file:/iriwl/app01/adf_ows/Oracle/oracle_common/modules/oracle.igf_12.1.3/arisId-owspolicy.jar,,,,,,
file:/iriwl/app01/adf_ows/Oracle/oracle_common/modules/oracle.igf_12.1.3/userrole.jar,,,,,,
file:/iriwl/app01/adf_ows/Oracle/oracle_common/modules/args4j-2.0.9.jar,,,,,2.0.9,2.0.9,
file:/iriwl/app01/adf_ows/Oracle/oracle_common/modules/oracle.nlsgdk_12.1.3/orai18n-js.jar,,,,,"Oracle Globalization Development Kit for JavaScript - 10.1.2.0.0","Oracle Globalization Development Kit for JavaScript - 10.1.2.0.0",
file:/iriwl/app01/adf_ows/Oracle/oracle_common/modules/oracle.xdk_12.1.3/xmlmesg.jar,,,,,,
file:/iriwl/app01/adf_ows/Oracle/oracle_common/modules/oracle.dms_12.1.3/dmsapp.jar,JRF_12.1.3.0.0_GENERIC_140506.2346.S,,,,,1.0.0-140506.2346,
file:/iriwl/app01/adf_ows/Oracle/oracle_common/modules/oracle.odl_12.1.3/ojdl2.jar,JRF_12.1.3.0.0_GENERIC_140506.2346.S,,,,,1.0.0-140506.2346,
file:/iriwl/app01/adf_ows/Oracle/oracle_common/modules/com.oracle.webservices.fmw.wsserver-impl_12.1.3.jar,,,,,,
file:/iriwl/app01/adf_ows/Oracle/oracle_common/modules/com.oracle.webservices.fmw.wsclient-rt-impl_12.1.3.jar,,,,,,
file:/iriwl/app01/adf_ows/Oracle/oracle_common/modules/com.oracle.webservices.fmw.jrf-jaxrs-client-impl_12.1.3.jar,,,,,,
file:/iriwl/app01/adf_ows/Oracle/oracle_common/modules/com.oracle.webservices.fmw.jrf-ws-api_12.1.3.jar,,,,,,
file:/iriwl/app01/adf_ows/Oracle/oracle_common/modules/com.oracle.webservices.fmw.ws-wsm-impl_12.1.3.jar,,,,,,
file:/iriwl/app01/adf_ows/Oracle/oracle_common/modules/com.oracle.webservices.fmw.orawsrm-impl_12.1.3.jar,,,,,,
file:/iriwl/app01/adf_ows/Oracle/oracle_common/modules/com.oracle.webservices.fmw.ws-config-mbeans-impl_12.1.3.jar,,,,,,
file:/iriwl/app01/adf_ows/Oracle/oracle_common/modules/com.oracle.webservices.fmw.oc4j-ws-support-impl_12.1.3.jar,,,,,,
file:/iriwl/app01/adf_ows/Oracle/oracle_common/modules/com.oracle.webservices.fmw.wsif-impl_12.1.3.jar,,,,,,
file:/iriwl/app01/adf_ows/Oracle/oracle_common/modules/com.oracle.webservices.fmw.policy-api_12.1.3.jar,,,,,,
file:/iriwl/app01/adf_ows/Oracle/oracle_common/modules/com.oracle.webservices.ws-databinding-api_12.1.3.jar,,,,,,
file:/iriwl/app01/adf_ows/Oracle/oracle_common/modules/com.oracle.webservices.ws-databinding-plugins-impl_12.1.3.jar,,,,,,
file:/iriwl/app01/adf_ows/Oracle/oracle_common/modules/oracle.adf.share_12.1.3/adf-share-wls.jar,12.1.3.0.41.140521.1008,JDEVADF_12.1.3.0.0_GENERIC_140521.1008.S,user=aime host=slc03tux,2014-05-21 11:02:41 -0700,,
file:/iriwl/app01/adf_ows/Oracle/oracle_common/modules/oracle.adf.share_12.1.3/adfsharembean.jar,12.1.3.0.41.140521.1008,JDEVADF_12.1.3.0.0_GENERIC_140521.1008.S,user=aime host=slc03tux,2014-05-21 11:44:02 -0700,,
file:/iriwl/app01/adf_ows/Oracle/oracle_common/modules/oracle.adf.share_12.1.3/commons-el.jar,,,,,2.0,1.0,
file:/iriwl/app01/adf_ows/Oracle/oracle_common/modules/oracle.adf.share_12.1.3/adf-share-support.jar,12.1.3.0.41.140521.1008,JDEVADF_12.1.3.0.0_GENERIC_140521.1008.S,Official Builder,2014-05-21 03:54:35 -0700,,
file:/iriwl/app01/adf_ows/Oracle/oracle_common/modules/oracle.adf.share_12.1.3/oracle-el.jar,,,,,,
file:/iriwl/app01/adf_ows/Oracle/oracle_common/modules/oracle.adf.share_12.1.3/adflogginghandler.jar,12.1.3.0.41.140521.1008,JDEVADF_12.1.3.0.0_GENERIC_140521.1008.S,user=aime host=slc03tux,2014-05-21 10:43:18 -0700,,
file:/iriwl/app01/adf_ows/Oracle/oracle_common/modules/oracle.mds_12.1.3/mdsrt.jar,12.1.3.0.41.140521.1008,JDEVADF_12.1.3.0.0_GENERIC_140521.1008.S,user=aime host=slc03tux,2014-05-21 10:56:26 -0700,,
file:/iriwl/app01/adf_ows/Oracle/oracle_common/modules/oracle.mds_12.1.3/mdslcm.jar,12.1.3.0.41.140521.1008,JDEVADF_12.1.3.0.0_GENERIC_140521.1008.S,Official Builder,2014-05-21 03:56:37 -0700,,
file:/iriwl/app01/adf_ows/Oracle/oracle_common/modules/oracle.mds_12.1.3/mdslcm-client.jar,12.1.3.0.41.140521.1008,JDEVADF_12.1.3.0.0_GENERIC_140521.1008.S,user=aime host=slc03tux,2014-05-21 10:40:56 -0700,,
file:/iriwl/app01/adf_ows/Oracle/oracle_common/modules/oracle.mds_12.1.3/oramds.jar,12.1.3.0.41.140521.1008,JDEVADF_12.1.3.0.0_GENERIC_140521.1008.S,user=aime host=slc03tux,2014-05-21 10:40:54 -0700,,
file:/iriwl/app01/adf_ows/Oracle/oracle_common/modules/oracle.bali.share_12.1.3/share.jar,,,,,,JEWT_MAIN_GENERIC_121129.2125.1003,
file:/iriwl/app01/adf_ows/Oracle/oracle_common/modules/oracle.javatools_12.1.3/resourcebundle.jar,12.1.3.0.41.140521.1008,JDEVADF_12.1.3.0.0_GENERIC_140521.1008.S,Official Builder,2014-05-21 03:55:35 -0700,,
file:/iriwl/app01/adf_ows/Oracle/oracle_common/modules/oracle.adf.share.ca_12.1.3/adf-share-base.jar,12.1.3.0.41.140521.1008,JDEVADF_12.1.3.0.0_GENERIC_140521.1008.S,user=aime host=slc03tux,2014-05-21 10:48:56 -0700,,
file:/iriwl/app01/adf_ows/Oracle/oracle_common/modules/oracle.adf.share.ca_12.1.3/adf-share-ca.jar,12.1.3.0.41.140521.1008,JDEVADF_12.1.3.0.0_GENERIC_140521.1008.S,user=aime host=slc03tux,2014-05-21 10:55:23 -0700,,
file:/iriwl/app01/adf_ows/Oracle/oracle_common/modules/oracle.adf.security_12.1.3/adf-controller-security.jar,12.1.3.0.41.140521.1008,JDEVADF_12.1.3.0.0_GENERIC_140521.1008.S,user=aime host=slc03tux,2014-05-21 10:43:42 -0700,,
file:/iriwl/app01/adf_ows/Oracle/oracle_common/modules/oracle.adf.security_12.1.3/adf-share-security.jar,12.1.3.0.41.140521.1008,JDEVADF_12.1.3.0.0_GENERIC_140521.1008.S,user=aime host=slc03tux,2014-05-21 10:42:09 -0700,,
file:/iriwl/app01/adf_ows/Oracle/oracle_common/modules/oracle.xmlef_12.1.3/xmlef.jar,12.1.3.0.41.140521.1008,JDEVADF_12.1.3.0.0_GENERIC_140521.1008.S,user=aime host=slc03tux,2014-05-21 10:54:07 -0700,,
file:/iriwl/app01/adf_ows/Oracle/oracle_common/modules/oracle.javatools_12.1.3/javatools-nodeps.jar,12.1.3.0.41.140521.1008,JDEVADF_12.1.3.0.0_GENERIC_140521.1008.S,user=aime host=slc03tux,2014-05-21 10:53:48 -0700,,
file:/iriwl/app01/adf_ows/Oracle/oracle_common/modules/oracle.javatools_12.1.3/oicons.jar,12.1.3.0.41.140521.1008,JDEVADF_12.1.3.0.0_GENERIC_140521.1008.S,user=aime host=slc03tux,2014-05-21 10:50:41 -0700,,
file:/iriwl/app01/adf_ows/Oracle/oracle_common/modules/oracle.javatools_12.1.3/javatools-jndi-local.jar,12.1.3.0.41.140521.1008,JDEVADF_12.1.3.0.0_GENERIC_140521.1008.S,user=aime host=slc03tux,2014-05-21 10:54:41 -0700,,
file:/iriwl/app01/adf_ows/Oracle/oracle_common/modules/oracle.javatools_12.1.3/javamodel-rt.jar,12.1.3.0.41.140521.1008,JDEVADF_12.1.3.0.0_GENERIC_140521.1008.S,user=aime host=slc03tux,2014-05-21 10:58:21 -0700,,
file:/iriwl/app01/adf_ows/Oracle/oracle_common/modules/oracle.oamagent_12.1.3/oamagent.jar,,,,,,
file:/iriwl/app01/adf_ows/Oracle/oracle_common/modules/oracle.oamprovider_12.1.3/oamAuthnProvider.jar,,,,,,
file:/iriwl/app01/adf_ows/Oracle/oracle_common/modules/oracle.ssofilter_12.1.3/ssofilter.jar,,,,,,
file:/iriwl/app01/adf_ows/Oracle/oracle_common/modules/oracle.jrf_12.1.3/jrf-api.jar,,,,,,
file:/iriwl/app01/adf_ows/Oracle/oracle_common/modules/oracle.wsm.common_12.1.3/wsm-policy-core.jar,,,,,,ENTSEC_12.1.3.0.0_GENERIC_140512.1601.S,
file:/iriwl/app01/adf_ows/Oracle/oracle_common/modules/oracle.wsm.common_12.1.3/wsm-resource-core.jar,,,,,,ENTSEC_12.1.3.0.0_GENERIC_140512.1601.S,
file:/iriwl/app01/adf_ows/Oracle/oracle_common/modules/oracle.wsm.common_12.1.3/wsm-secpol.jar,,,,,,ENTSEC_12.1.3.0.0_GENERIC_140512.1601.S,
file:/iriwl/app01/adf_ows/Oracle/oracle_common/modules/oracle.wsm.common_12.1.3/wsm-seed-policies.jar,,,,,2.0,12.1.3,
file:/iriwl/app01/adf_ows/Oracle/oracle_common/modules/oracle.wsm.common_12.1.3/wsm-pmclient.jar,,,,,,ENTSEC_12.1.3.0.0_GENERIC_140512.1601.S,
file:/iriwl/app01/adf_ows/Oracle/oracle_common/modules/oracle.wsm.common_12.1.3/wsm-agent-core.jar,,,,,,ENTSEC_12.1.3.0.0_GENERIC_140512.1601.S,
file:/iriwl/app01/adf_ows/Oracle/oracle_common/modules/oracle.wsm.common_12.1.3/wsm-pap.jar,,,,,,ENTSEC_12.1.3.0.0_GENERIC_140512.1601.S,
file:/iriwl/app01/adf_ows/Oracle/oracle_common/modules/oracle.wsm.pmlib_12.1.3/wsm-pmlib.jar,,,,,,ENTSEC_12.1.3.0.0_GENERIC_140512.1601.S,
file:/iriwl/app01/adf_ows/Oracle/oracle_common/modules/oracle.wsm.agent.fmw_12.1.3/wsm-agent-fmw.jar,,,,,,ENTSEC_12.1.3.0.0_GENERIC_140512.1601.S,
file:/iriwl/app01/adf_ows/Oracle/oracle_common/modules/oracle.jps_12.1.3/jps-mbeans.jar,,ENTSEC_12.1.3.0.0_GENERIC_140512.1601.S,,,,
file:/iriwl/app01/adf_ows/Oracle/oracle_common/modules/oracle.jps_12.1.3/jps-patching.jar,,ENTSEC_12.1.3.0.0_GENERIC_140512.1601.S,,,,
file:/iriwl/app01/adf_ows/Oracle/oracle_common/modules/oracle.jps_12.1.3/jps-diag.jar,,ENTSEC_12.1.3.0.0_GENERIC_140512.1601.S,,,,
file:/iriwl/app01/adf_ows/Oracle/oracle_common/modules/oracle.iau_12.1.3/fmw_audit.jar,,ENTSEC_12.1.3.0.0_GENERIC_140512.1601.S,,,,11.1.1.1.0,
file:/iriwl/app01/adf_ows/Oracle/oracle_common/modules/oracle.jps_12.1.3/jps-wls.jar,,ENTSEC_12.1.3.0.0_GENERIC_140512.1601.S,,,,
file:/iriwl/app01/adf_ows/Oracle/wlserver/common/derby/lib/derbynet.jar,,,,,,
file:/iriwl/app01/adf_ows/Oracle/wlserver/common/derby/lib/derby.jar,,,,,,
file:/iriwl/app01/adf_ows/Oracle/wlserver/common/derby/lib/derbyLocale_cs.jar,,,,,,
file:/iriwl/app01/adf_ows/Oracle/wlserver/common/derby/lib/derbyLocale_de_DE.jar,,,,,,
file:/iriwl/app01/adf_ows/Oracle/wlserver/common/derby/lib/derbyLocale_es.jar,,,,,,
file:/iriwl/app01/adf_ows/Oracle/wlserver/common/derby/lib/derbyLocale_fr.jar,,,,,,
file:/iriwl/app01/adf_ows/Oracle/wlserver/common/derby/lib/derbyLocale_hu.jar,,,,,,
file:/iriwl/app01/adf_ows/Oracle/wlserver/common/derby/lib/derbyLocale_it.jar,,,,,,
file:/iriwl/app01/adf_ows/Oracle/wlserver/common/derby/lib/derbyLocale_ja_JP.jar,,,,,,
file:/iriwl/app01/adf_ows/Oracle/wlserver/common/derby/lib/derbyLocale_ko_KR.jar,,,,,,
file:/iriwl/app01/adf_ows/Oracle/wlserver/common/derby/lib/derbyLocale_pl.jar,,,,,,
file:/iriwl/app01/adf_ows/Oracle/wlserver/common/derby/lib/derbyLocale_pt_BR.jar,,,,,,
file:/iriwl/app01/adf_ows/Oracle/wlserver/common/derby/lib/derbyLocale_ru.jar,,,,,,
file:/iriwl/app01/adf_ows/Oracle/wlserver/common/derby/lib/derbyLocale_zh_CN.jar,,,,,,
file:/iriwl/app01/adf_ows/Oracle/wlserver/common/derby/lib/derbyLocale_zh_TW.jar,,,,,,
file:/iriwl/app01/adf_ows/Oracle/wlserver/common/derby/lib/derbyclient.jar,,,,,,
file:/iriwl/app01/adf_ows/Oracle/user_projects/domains/iri-int-ows-domain/lib/commons-exec-1.3.jar,,,,,1.3,1.3,
file:/iriwl/app01/adf_ows/Oracle/user_projects/domains/iri-int-ows-domain/lib/commons-fileupload-1.4.jar,,,,,1.4,1.4,
file:/iriwl/app01/adf_ows/Oracle/user_projects/domains/iri-int-ows-domain/lib/commons-io-2.6.jar,,,,,2.6,2.6,
file:/iriwl/app01/adf_ows/Oracle/user_projects/domains/iri-int-ows-domain/lib/commons-lang-2.6.jar,,,,,2.6,2.6,
file:/iriwl/app01/adf_ows/Oracle/user_projects/domains/iri-int-ows-domain/lib/cors-filter-2.6..jar,,,,,2.6,2.6,
file:/iriwl/app01/adf_ows/Oracle/user_projects/domains/iri-int-ows-domain/lib/fndext.jar,,,,,,
file:/iriwl/app01/adf_ows/Oracle/user_projects/domains/iri-int-ows-domain/lib/groupdocs-viewer-19.3.jar,,,,,19.3,19.3,
file:/iriwl/app01/adf_ows/Oracle/user_projects/domains/iri-int-ows-domain/lib/java-property-utils-1.9.1.jar,,,,,1.9.1,1.9.1,
/iriwl/app01/adf_ows/Oracle/user_projects/domains/iri-int-ows-domain/servers/iri-adf-ows-server1/tmp/_WL_user/GenericTC/s4vu3g/lib/adf-loc.jar,,,,,,
/iriwl/app01/adf_ows/Oracle/user_projects/domains/iri-int-ows-domain/servers/iri-adf-ows-server1/tmp/_WL_user/adf.oracle.domain/c35g8u/APP-INF/lib/adfm.jar,12.1.3.0.41.140521.1008,JDEVADF_12.1.3.0.0_GENERIC_140521.1008.S,user=aime host=slc03tux,2014-05-21 11:56:40 -0700,,
/iriwl/app01/adf_ows/Oracle/user_projects/domains/iri-int-ows-domain/servers/iri-adf-ows-server1/tmp/_WL_user/adf.oracle.domain/c35g8u/APP-INF/lib/adf-controller-schema.jar,12.1.3.0.41.140521.1008,JDEVADF_12.1.3.0.0_GENERIC_140521.1008.S,user=aime host=slc03tux,2014-05-21 12:52:10 -0700,,
/iriwl/app01/adf_ows/Oracle/user_projects/domains/iri-int-ows-domain/servers/iri-adf-ows-server1/tmp/_WL_user/adf.oracle.domain/c35g8u/APP-INF/lib/mds-dc.jar,12.1.3.0.41.140521.1008,JDEVADF_12.1.3.0.0_GENERIC_140521.1008.S,user=aime host=slc03tux,2014-05-21 10:57:10 -0700,,
/iriwl/app01/adf_ows/Oracle/user_projects/domains/iri-int-ows-domain/servers/iri-adf-ows-server1/tmp/_WL_user/adf.oracle.domain/c35g8u/APP-INF/lib/adflibfilter.jar,12.1.3.0.41.140521.1008,JDEVADF_12.1.3.0.0_GENERIC_140521.1008.S,user=aime host=slc03tux,2014-05-21 11:02:47 -0700,,
/iriwl/app01/adf_ows/Oracle/user_projects/domains/iri-int-ows-domain/servers/iri-adf-ows-server1/tmp/_WL_user/adf.oracle.domain/c35g8u/APP-INF/lib/adflibrary.jar,12.1.3.0.41.140521.1008,JDEVADF_12.1.3.0.0_GENERIC_140521.1008.S,user=aime host=slc03tux,2014-05-21 11:52:15 -0700,,
/iriwl/app01/adf_ows/Oracle/user_projects/domains/iri-int-ows-domain/servers/iri-adf-ows-server1/tmp/_WL_user/adf.oracle.domain/c35g8u/APP-INF/lib/bc4j-mbeans.jar,12.1.3.0.41.140521.1008,JDEVADF_12.1.3.0.0_GENERIC_140521.1008.S,user=aime host=slc03tux,2014-05-21 12:47:54 -0700,,
/iriwl/app01/adf_ows/Oracle/user_projects/domains/iri-int-ows-domain/servers/iri-adf-ows-server1/tmp/_WL_user/adf.oracle.domain/c35g8u/APP-INF/lib/adfbcsvc-share.jar,12.1.3.0.41.140521.1008,JDEVADF_12.1.3.0.0_GENERIC_140521.1008.S,user=aime host=slc03tux,2014-05-21 12:00:42 -0700,,
/iriwl/app01/adf_ows/Oracle/user_projects/domains/iri-int-ows-domain/servers/iri-adf-ows-server1/tmp/_WL_user/adf.oracle.domain/c35g8u/APP-INF/lib/adfm-sqldc.jar,12.1.3.0.41.140521.1008,JDEVADF_12.1.3.0.0_GENERIC_140521.1008.S,user=aime host=slc03tux,2014-05-21 01:08:57 -0700,,
/iriwl/app01/adf_ows/Oracle/user_projects/domains/iri-int-ows-domain/servers/iri-adf-ows-server1/tmp/_WL_user/adf.oracle.domain/c35g8u/APP-INF/lib/adf-businesseditor-objects.jar,12.1.3.0.41.140521.1008,JDEVADF_12.1.3.0.0_GENERIC_140521.1008.S,Official Builder,2014-05-21 04:16:55 -0700,,
/iriwl/app01/adf_ows/Oracle/user_projects/domains/iri-int-ows-domain/servers/iri-adf-ows-server1/tmp/_WL_user/adf.oracle.domain/c35g8u/APP-INF/lib/adfbcsvc.jar,12.1.3.0.41.140521.1008,JDEVADF_12.1.3.0.0_GENERIC_140521.1008.S,user=aime host=slc03tux,2014-05-21 12:47:41 -0700,,
/iriwl/app01/adf_ows/Oracle/user_projects/domains/iri-int-ows-domain/servers/iri-adf-ows-server1/tmp/_WL_user/adf.oracle.domain/c35g8u/APP-INF/lib/datatags.jar,12.1.3.0.41.140521.1008,JDEVADF_12.1.3.0.0_GENERIC_140521.1008.S,user=aime host=slc03tux,2014-05-21 12:52:54 -0700,,
/iriwl/app01/adf_ows/Oracle/user_projects/domains/iri-int-ows-domain/servers/iri-adf-ows-server1/tmp/_WL_user/adf.oracle.domain/c35g8u/APP-INF/lib/oraclexsql.jar,,,,,,
/iriwl/app01/adf_ows/Oracle/user_projects/domains/iri-int-ows-domain/servers/iri-adf-ows-server1/tmp/_WL_user/adf.oracle.domain/c35g8u/APP-INF/lib/rcsrt.jar,12.1.3.0.41.140521.1008,JDEVADF_12.1.3.0.0_GENERIC_140521.1008.S,user=aime host=slc03tux,2014-05-21 11:44:25 -0700,,
/iriwl/app01/adf_ows/Oracle/user_projects/domains/iri-int-ows-domain/servers/iri-adf-ows-server1/tmp/_WL_user/adf.oracle.domain/c35g8u/APP-INF/lib/adf-businesseditor-settings.jar,12.1.3.0.41.140521.1008,JDEVADF_12.1.3.0.0_GENERIC_140521.1008.S,user=aime host=slc03tux,2014-05-21 01:05:56 -0700,,
/iriwl/app01/adf_ows/Oracle/user_projects/domains/iri-int-ows-domain/servers/iri-adf-ows-server1/tmp/_WL_user/adf.oracle.domain/c35g8u/APP-INF/lib/jmxdc.jar,12.1.3.0.41.140521.1008,JDEVADF_12.1.3.0.0_GENERIC_140521.1008.S,user=aime host=slc03tux,2014-05-21 12:48:46 -0700,,
/iriwl/app01/adf_ows/Oracle/user_projects/domains/iri-int-ows-domain/servers/iri-adf-ows-server1/tmp/_WL_user/adf.oracle.domain/c35g8u/APP-INF/lib/adftags.jar,12.1.3.0.41.140521.1008,JDEVADF_12.1.3.0.0_GENERIC_140521.1008.S,user=aime host=slc03tux,2014-05-21 12:52:57 -0700,,
/iriwl/app01/adf_ows/Oracle/user_projects/domains/iri-int-ows-domain/servers/iri-adf-ows-server1/tmp/_WL_user/adf.oracle.domain/c35g8u/APP-INF/lib/bc4jimdomains.jar,12.1.3.0.41.140521.1008,JDEVADF_12.1.3.0.0_GENERIC_140521.1008.S,Official Builder,2014-05-21 03:59:03 -0700,,
/iriwl/app01/adf_ows/Oracle/user_projects/domains/iri-int-ows-domain/servers/iri-adf-ows-server1/tmp/_WL_user/adf.oracle.domain/c35g8u/APP-INF/lib/jdev-cm.jar,12.1.3.0.41.140521.1008,JDEVADF_12.1.3.0.0_GENERIC_140521.1008.S,user=aime host=slc03tux,2014-05-21 10:58:07 -0700,,
/iriwl/app01/adf_ows/Oracle/user_projects/domains/iri-int-ows-domain/servers/iri-adf-ows-server1/tmp/_WL_user/adf.oracle.domain/c35g8u/APP-INF/lib/adfm-debugger.jar,12.1.3.0.41.140521.1008,JDEVADF_12.1.3.0.0_GENERIC_140521.1008.S,user=aime host=slc03tux,2014-05-21 12:48:39 -0700,,
/iriwl/app01/adf_ows/Oracle/user_projects/domains/iri-int-ows-domain/servers/iri-adf-ows-server1/tmp/_WL_user/adf.oracle.domain/c35g8u/APP-INF/lib/rcs-adflib-rt.jar,12.1.3.0.41.140521.1008,JDEVADF_12.1.3.0.0_GENERIC_140521.1008.S,user=aime host=slc03tux,2014-05-21 11:55:44 -0700,,
/iriwl/app01/adf_ows/Oracle/user_projects/domains/iri-int-ows-domain/servers/iri-adf-ows-server1/tmp/_WL_user/adf.oracle.domain/c35g8u/APP-INF/lib/adf-sec-idm-dc.jar,12.1.3.0.41.140521.1008,JDEVADF_12.1.3.0.0_GENERIC_140521.1008.S,user=aime host=slc03tux,2014-05-21 10:57:23 -0700,,
/iriwl/app01/adf_ows/Oracle/user_projects/domains/iri-int-ows-domain/servers/iri-adf-ows-server1/tmp/_WL_user/adf.oracle.domain/c35g8u/APP-INF/lib/adfbcsvc-client.jar,12.1.3.0.41.140521.1008,JDEVADF_12.1.3.0.0_GENERIC_140521.1008.S,user=aime host=slc03tux,2014-05-21 12:00:47 -0700,,
/iriwl/app01/adf_ows/Oracle/user_projects/domains/iri-int-ows-domain/servers/iri-adf-ows-server1/tmp/_WL_user/adf.oracle.domain/c35g8u/APP-INF/lib/adfdt_common.jar,12.1.3.0.41.140521.1008,JDEVADF_12.1.3.0.0_GENERIC_140521.1008.S,user=aime host=slc03tux,2014-05-21 12:49:39 -0700,,
/iriwl/app01/adf_ows/Oracle/user_projects/domains/iri-int-ows-domain/servers/iri-adf-ows-server1/tmp/_WL_user/adf.oracle.domain/c35g8u/APP-INF/lib/adf-mobile-schema.jar,12.1.3.0.41.140521.1008,JDEVADF_12.1.3.0.0_GENERIC_140521.1008.S,user=aime host=slc03tux,2014-05-21 10:35:38 -0700,,
/iriwl/app01/adf_ows/Oracle/user_projects/domains/iri-int-ows-domain/servers/iri-adf-ows-server1/tmp/_WL_user/adf.oracle.domain/c35g8u/APP-INF/lib/db-ca.jar,12.1.3.0.41.140521.1008,JDEVADF_12.1.3.0.0_GENERIC_140521.1008.S,user=aime host=slc03tux,2014-05-21 10:57:16 -0700,,
/iriwl/app01/adf_ows/Oracle/user_projects/domains/iri-int-ows-domain/servers/iri-adf-ows-server1/tmp/_WL_user/adf.oracle.domain/c35g8u/APP-INF/lib/adf-stringeditor-api.jar,12.1.3.0.41.140521.1008,JDEVADF_12.1.3.0.0_GENERIC_140521.1008.S,user=aime host=slc03tux,2014-05-21 10:57:19 -0700,,
/iriwl/app01/adf_ows/Oracle/user_projects/domains/iri-int-ows-domain/servers/iri-adf-ows-server1/tmp/_WL_user/adf.oracle.domain/c35g8u/APP-INF/lib/adftransactionsdt.jar,12.1.3.0.41.140521.1008,JDEVADF_12.1.3.0.0_GENERIC_140521.1008.S,user=aime host=slc03tux,2014-05-21 10:42:01 -0700,,
/iriwl/app01/adf_ows/Oracle/user_projects/domains/iri-int-ows-domain/servers/iri-adf-ows-server1/tmp/_WL_user/adf.oracle.domain/c35g8u/APP-INF/lib/groovy-all-2.1.6.jar,,,,,2.1.6,2.1.6,
/iriwl/app01/adf_ows/Oracle/user_projects/domains/iri-int-ows-domain/servers/iri-adf-ows-server1/tmp/_WL_user/adf.oracle.domain/c35g8u/APP-INF/lib/adf-businesseditor-model.jar,,,,,,
/iriwl/app01/adf_ows/Oracle/user_projects/domains/iri-int-ows-domain/servers/iri-adf-ows-server1/tmp/_WL_user/adf.oracle.domain/c35g8u/APP-INF/lib/adfmportlet.jar,12.1.3.0.41.140521.1008,JDEVADF_12.1.3.0.0_GENERIC_140521.1008.S,user=aime host=slc03tux,2014-05-21 12:48:34 -0700,,
/iriwl/app01/adf_ows/Oracle/user_projects/domains/iri-int-ows-domain/servers/iri-adf-ows-server1/tmp/_WL_user/adf.oracle.domain/c35g8u/APP-INF/lib/bc4jsyscat.jar,12.1.3.0.41.140521.1008,JDEVADF_12.1.3.0.0_GENERIC_140521.1008.S,user=aime host=slc03tux,2014-05-21 01:16:21 -0700,,
/iriwl/app01/adf_ows/Oracle/user_projects/domains/iri-int-ows-domain/servers/iri-adf-ows-server1/tmp/_WL_user/adf.oracle.domain/c35g8u/APP-INF/lib/xsqlserializers.jar,,,,,,
/iriwl/app01/adf_ows/Oracle/user_projects/domains/iri-int-ows-domain/servers/iri-adf-ows-server1/tmp/_WL_user/adf.oracle.domain/c35g8u/APP-INF/lib/regexp.jar,,,,,,
/iriwl/app01/adf_ows/Oracle/user_projects/domains/iri-int-ows-domain/servers/iri-adf-ows-server1/tmp/_WL_user/adf.oracle.domain/c35g8u/APP-INF/lib/adf-faces-registration.jar,12.1.3.0.41.140521.1008,JDEVADF_12.1.3.0.0_GENERIC_140521.1008.S,user=aime host=slc03tux,2014-05-21 10:41:36 -0700,,
/iriwl/app01/adf_ows/Oracle/user_projects/domains/iri-int-ows-domain/servers/iri-adf-ows-server1/tmp/_WL_user/adf.oracle.domain/c35g8u/APP-INF/lib/jr_dav.jar,12.1.3.0.41.140521.1008,JDEVADF_12.1.3.0.0_GENERIC_140521.1008.S,user=aime host=slc03tux,2014-05-21 11:11:21 -0700,,
/iriwl/app01/adf_ows/Oracle/user_projects/domains/iri-int-ows-domain/servers/iri-adf-ows-server1/tmp/_WL_user/adf.oracle.domain/c35g8u/APP-INF/lib/dvt-databindings-mds.jar,12.1.3.0.41.140521.1008,JDEVADF_12.1.3.0.0_GENERIC_140521.1008.S,user=aime host=slc03tux,2014-05-21 10:41:24 -0700,,
/iriwl/app01/adf_ows/Oracle/user_projects/domains/iri-int-ows-domain/servers/iri-adf-ows-server1/tmp/_WL_user/adf.oracle.domain/c35g8u/APP-INF/lib/adfbcsvc-registration.jar,12.1.3.0.41.140521.1008,JDEVADF_12.1.3.0.0_GENERIC_140521.1008.S,user=aime host=slc03tux,2014-05-21 10:41:24 -0700,,
/iriwl/app01/adf_ows/Oracle/user_projects/domains/iri-int-ows-domain/servers/iri-adf-ows-server1/tmp/_WL_user/adf.oracle.domain/c35g8u/APP-INF/lib/bc4jhtml.jar,12.1.3.0.41.140521.1008,JDEVADF_12.1.3.0.0_GENERIC_140521.1008.S,user=aime host=slc03tux,2014-05-21 12:52:44 -0700,,
/iriwl/app01/adf_ows/Oracle/user_projects/domains/iri-int-ows-domain/servers/iri-adf-ows-server1/tmp/_WL_user/adf.oracle.domain/c35g8u/APP-INF/lib/adfmweb.jar,12.1.3.0.41.140521.1008,JDEVADF_12.1.3.0.0_GENERIC_140521.1008.S,user=aime host=slc03tux,2014-05-21 12:48:25 -0700,,
/iriwl/app01/adf_ows/Oracle/oracle_common/modules/com.oracle.ojsp.ojsp_12.1.3.jar,,,,,12.1.3,12.1.3,
